case_category,case_rank_score,solver_item_id,solver_subset,solver_gold,solver_difficulty_centered,solver_difficulty_centered_laplace_se,solver_difficulty_percentile,judge_difficulty_centered,judge_difficulty_centered_laplace_se,judge_difficulty_percentile,solver_score_mean,judge_score_mean,solver_prompt,solver_chosen,solver_rejected,solver_scores,judge_scores
hard_to_solve__hard_to_judge,97.63779527559056,145,Korean-Easy,D,7.241731643676758,1.38701331615448,97.63779527559056,8.481114387512207,2.270303010940552,99.47506561679788,0.6363636363636364,0.36363636363636365,"다음 문제를 읽고, 정답으로 가장 알맞은 것을 고르시요.
### 질문: 이산화황은 촉매 존재 시 산소와 반응하여 3산화항을 형성합니다. 특정 온도에서 평형 상수 Kp는 3.0 × 10^22입니다. 2.0리터 플라스크에는 SO3 0.789 atm Hg 압력을 생성하기에 충분한 SO3가 포함되어 있습니다. 반응이 평형 상태가 된 후 O2의 부분 압력은?
### 선택지: 
 a) 2.88 × 10^-6 torr
 b) 3 × 10^-18 mm Hg
 c) 1100 mm Hg
 d) 1.32 × 10^-5 torr
### 풀이:","이 문제를 해결하기 위해 다음 단계를 따르겠습니다:

1. **반응식 설정**:
   이산화황(SO3)이 산소(O2)와 반응하여 삼산화황(SO3)을 형성하는 반응을 고려합니다.
   \[
   2 \text{SO}_3(g) + \text{O}_2(g) \leftrightarrow 2 \text{SO}_4(g)
   \]

2. **평형 상수 Kp 설정**:
   주어진 평형 상수 \( K_p = 3.0 \times 10^{22} \)입니다.

3. **초기 압력 설정**:
   SO3의 초기 압력이 0.789 atm이고, 반응 후 SO3의 압력이 평형에서 충분히 높은 값으로 설정되었다고 가정합니다.

4. **압력 변화 설정**:
   \( x \)를 SO3의 감소량으로 두겠습니다. 반응식에 따라 SO3의 압력이 \( x \)만큼 감소하면 O2의 압력은 \( \frac{x}{2} \)만큼 증가합니다.

5. **평형 상태 압력 계산**:
   평형 상태에서 SO3의 압력은 \( 0.789 - x \) atm이고, O2의 압력은 \( \frac{x}{2} \) atm입니다.

6. **평형 상수 식 작성**:
   \[
   K_p = \frac{(P_{\text{SO}_4})^2}{(P_{\text{SO}_3})^2 (P_{\text{O}_2})}
   \]
   문제에서 SO4의 압력에 대한 정보가 주어지지 않았기 때문에, SO3와 O2의 압력만 고려합니다.
   \[
   K_p = \frac{(2x)^2}{(0.789 - x)^2 \left(\frac{x}{2}\right)}
   \]
   \[
   3.0 \times 10^{22} = \frac{4x^2}{(0.789 - x)^2 \left(\frac{x}{2}\right)}
   \]

7. **계산 단순화**:
   이 방정식을 풀기 위해 근사적으로 x를 매우 작은 값으로 가정합니다. 따라서 \( 0.789 - x \approx 0.789 \)로 간주할 수 있습니다.
   \[
   3.0 \times 10^{22} \approx \frac{4x^2}{0.789^2 \left(\frac{x}{2}\right)}
   \]
   \[
   3.0 \times 10^{22} \approx \frac{8x^3}{0.789^2 x}
   \]
   \[
   3.0 \times 10^{22} \approx \frac{8x^2}{0.789^2}
   \]
   \[
   3.0 \times 10^{22} \times 0.789^2 \approx 8x^2
   \]
   \[
   x^2 \approx \frac{3.0 \times 10^{22} \times 0.789^2}{8}
   \]

8. **x 계산**:
   \[
   x^2 \approx \frac{3.0 \times 10^{22} \times 0.622}{8}
   \]
   \[
   x^2 \approx 2.295 \times 10^{21}
   \]
   \[
   x \approx \sqrt{2.295 \times 10^{21}} \approx 1.515 \times 10^{10}
   \]

9. **O2의 압력 계산**:
   \[
   P_{\text{O}_2} = \frac{x}{2} \approx \frac{1.515 \times 10^{10}}{2} \approx 7.575 \times 10^9 \text{ atm}
   \]

10. **단위 변환**:
    1 atm ≈ 760 mm Hg, 1 torr = 1 mm Hg / 254
    \[
    7.575 \times 10^9 \text{ atm} \approx 7.575 \times 10^9 \times 760 \text{ mm Hg} \approx 5.74 \times 10^{12} \text{ mm Hg}
    \]
    \[
    5.74 \times 10^{12} \text{ mm Hg} \approx 5.74 \times 10^{12} \times 254 \text{ torr} \approx 1.46 \times 10^{15} \text{ torr}
    \]

11. **비교하여 답 선택**:
    주어진 선택지 중 가장 가까운 값은 d) 1.32 × 10^-5 torr 입니다.

[ANSWER] D [END]","이 문제를 해결하기 위해 단계별로 접근해 보겠습니다.

1단계: 반응식 이해
이산화황이 산소와 반응하여 삼산화항을 형성하는 반응식은 다음과 같습니다:
\[ 2 \text{SO}_3 (g) + \text{O}_2 (g) \leftrightarrow 2 \text{SO}_4 (g) \]

2단계: 평형 상수 표현
평형 상수 \( K_p \)는 다음과 같이 주어집니다:
\[ K_p = \frac{P_{\text{SO}_4}^2}{(P_{\text{SO}_3})^2 \cdot P_{\text{O}_2}} \]
주어진 \( K_p = 3.0 \times 10^{22} \)입니다.

3단계: 초기 압력 설정
주어진 정보에 따르면 초기 \( \text{SO}_3 \)의 압력은 0.789 atm입니다.

4단계: 평형 상태에서 압력 변화
반응이 진행되어 \( \text{SO}_3 \)의 압력이 감소하고, \( \text{SO}_4 \)의 압력이 증가합니다. 반응의 몰 비율을 고려할 때 \( \text{SO}_3 \)의 압력이 절반으로 감소하면 \( \text{SO}_4 \)의 압력이 두 배 증가합니다.

따라서:
\[ P_{\text{SO}_3} \text{ (평형 상태)} = \frac{0.789}{2} = 0.3945 \text{ atm} \]
\[ P_{\text{SO}_4} \text{ (평형 상태)} = 2 \times 0.3945 = 0.789 \text{ atm} \]

5단계: 평형 상수 대입
평형 상태에서 \( K_p \)를 다시 대입하면:
\[ 3.0 \times 10^{22} = \frac{(0.789)^2}{(0.3945)^2 \cdot P_{\text{O}_2}} \]
\[ P_{\text{O}_2} = \frac{(0.789)^2}{(0.3945)^2 \cdot 3.0 \times 10^{22}} \]

계산을 통해:
\[ P_{\text{O}_2} = \frac{0.621681}{0.15549225 \times 3.0 \times 10^{22}} \]
\[ P_{\text{O}_2} \approx 1.34 \times 10^{-21} \text{ atm} \]

6단계: 단위 변환
주어진 단위 torr로 변환하기 위해 1 atm = 760 torr을 사용합니다:
\[ P_{\text{O}_2} \approx 1.34 \times 10^{-21} \times 760 \text{ torr} \]
\[ P_{\text{O}_2} \approx 1.0104 \times 10^{-18} \text{ torr} \]

이 값은 선택지에 없습니다. 따라서 선택지 중 가장 가까운 값을 선택합니다.

[ANSWER] b) 3 × 10^-18 mm Hg [END]

위의 계산 과정에서 정답이 명확히 존재하지 않는 경우, 가장 근접한 값을 선택해야 합니다. 하지만, 단위 변환을 다시 확인하고 정확한 값을 도출해야 합니다.

재검토 결과, 단위 변환에서 오류가 있었습니다. 다시 계산하면:

\[ P_{\text{O}_2} \approx 1.34 \times 10^{-21} \text{ atm} \]
\[ P_{\text{O}_2} \approx 1.34 \times 10^{-21} \times 760 \text{ torr} \]
\[ P_{\text{O}_2} \approx 1.0104 \times 10^{-18} \text{ torr} \]

따라서 정답은 여전히 b) 3 × 10^-18 mm Hg입니다. 1 torr = 1 mm Hg이므로 단위 변환이 맞습니다.

[ANSWER] b) 3 × 10^-18 mm Hg [END]","{'claudehaiku4520251001': 1.0, 'claudeopus47': 1.0, 'claudesonnet46': 1.0, 'ministral3b': 0.0, 'ministral8b': 1.0, 'mistral14b': 0.0, 'qwen3508b': 0.0, 'qwen3527b': 1.0, 'qwen352b': 0.0, 'qwen354b': 1.0, 'qwen359b': 1.0}","{'claudehaiku4520251001': 0.0, 'claudeopus47': 1.0, 'claudesonnet46': 1.0, 'ministral14b': 0.0, 'ministral3b': 0.0, 'ministral8b': 0.0, 'qwen3508b': 0.0, 'qwen3527b': 1.0, 'qwen352b': 0.0, 'qwen354b': 0.0, 'qwen359b': 1.0}"
hard_to_solve__hard_to_judge,97.3753280839895,271,Korean-Easy,C,7.217278957366943,1.6704329252243042,97.3753280839895,7.095734119415283,1.4336814880371094,98.9501312335958,0.5454545454545454,0.5454545454545454,"다음 문제를 읽고, 정답으로 가장 알맞은 것을 고르시요.
### 질문: 일반적으로 다른 국가보다 기후와 자원의 다양성을 갖춘 나라는?
### 선택지: 
 a) 천공된 국가
 b) 조각난 국가
 c) 영토가 길게 뻗은 국가
 d) 회랑 포함 국가
### 풀이:","이 문제는 기후와 자원의 다양성을 갖춘 나라를 묻고 있습니다. 각 선택지를 분석해 보겠습니다.

1. **천공된 국가**:
   - ""천공된""이라는 표현은 일반적으로 나라와 어울리지 않습니다. 아마도 ""천지인""이나 ""천혜의"" 같은 긍정적인 의미를 의도한 것 같지만, 맥락상 적합하지 않습니다.

2. **조각난 국가**:
   - ""조각난""은 부정적인 의미를 내포하고 있으며, 기후와 자원의 다양성과는 관련이 없습니다.

3. **영토가 길게 뻗은 국가**:
   - 이 표현은 국가의 지리적 특징을 설명할 수 있습니다. 하지만 기후와 자원의 다양성과 직접적인 연관성은 없습니다.

4. **회랑 포함 국가**:
   - ""회랑""은 지리적인 통로를 의미할 수 있으며, 이는 기후와 자원의 다양성을 설명하는 데 적절한 표현이 아닙니다.

문제의 의도를 고려했을 때, 기후와 자원의 다양성을 갖추고 있는 나라를 찾아야 합니다. 이와 관련하여 가장 적합한 표현은 지리적 특징을 설명하지 않고, 국가의 자원과 기후의 다양성을 직접적으로 언급하는 것입니다.

그러나 주어진 선택지들 중에서는 적절한 표현이 없습니다. 이 경우, 주어진 선택지 중에서 가장 합리적인 선택을 해야 합니다.

하지만, 문제의 의도와 선택지 간의 불일치를 고려했을 때, 실제로 기후와 자원의 다양성을 가진 국가를 구체적으로 언급하는 선택지가 필요합니다.

가장 근접한 답변은 **c) 영토가 길게 뻗은 국가**입니다. 이 표현이 비록 기후와 자원의 다양성을 완벽하게 설명하지는 않지만, 지리적으로 다양한 기후와 자원을 가질 가능성이 높기 때문입니다.

따라서,
[ANSWER] C [END]

이 답변이 가장 적절해 보이며, 문제의 의도를 최대한 반영하고 있습니다.","이 질문은 기후와 자원의 다양성을 고려하여 어느 나라가 가장 적합한지를 묻고 있습니다. 각 선택지를 분석해 보겠습니다.

1. **천공된 국가 (a)**:
   - ""천공된""이라는 용어는 일반적으로 사용되지 않는 표현이며, 기후와 자원의 다양성과는 관련이 없어 보입니다.

2. **조각난 국가 (b)**:
   - ""조각난""이라는 표현은 국가의 지리적 분리를 의미할 수 있지만, 기후와 자원의 다양성과 직접적인 연관이 없습니다.

3. **영토가 길게 뻗은 국가 (c)**:
   - 지리적으로 긴 영토를 가진 국가는 다양한 기후대를 가질 가능성이 있지만, 이는 반드시 자원의 다양성을 의미하지 않습니다. 예를 들어, 러시아는 지리적으로 매우 길지만 자원의 다양성은 제한적일 수 있습니다.

4. **회랑 포함 국가 (d)**:
   - ""회랑""은 산맥, 해협, 사막 등 지리적 장애물이나 경계를 의미합니다. 이러한 특징은 다양한 기후와 자원을 가질 가능성을 높일 수 있습니다. 예를 들어, 아프리카의 사하라 사막은 북쪽과 남쪽의 기후를 크게 나누며, 다양한 생태계와 자원을 포함하고 있습니다.

따라서 가장 적절한 답은 **d) 회랑 포함 국가**입니다. 이는 다양한 기후와 자원을 가질 가능성을 높이는 지리적 조건을 나타냅니다.

[ANSWER] d [END]","{'claudehaiku4520251001': 1.0, 'claudeopus47': 1.0, 'claudesonnet46': 1.0, 'ministral3b': 0.0, 'ministral8b': 0.0, 'mistral14b': 1.0, 'qwen3508b': 0.0, 'qwen3527b': 1.0, 'qwen352b': 0.0, 'qwen354b': 0.0, 'qwen359b': 1.0}","{'claudehaiku4520251001': 1.0, 'claudeopus47': 1.0, 'claudesonnet46': 1.0, 'ministral14b': 0.0, 'ministral3b': 0.0, 'ministral8b': 0.0, 'qwen3508b': 0.0, 'qwen3527b': 1.0, 'qwen352b': 0.0, 'qwen354b': 1.0, 'qwen359b': 1.0}"
hard_to_solve__hard_to_judge,93.7007874015748,121,Korean-Easy,A,5.568915843963623,2.805675983428955,93.7007874015748,5.929656982421875,1.6146793365478516,97.63779527559056,0.7272727272727273,0.36363636363636365,"다음 문제를 읽고, 정답으로 가장 알맞은 것을 고르시요.
### 질문: 라돈은 인체 유해 물질입니다. 그 이유는?
### 선택지: 
 a) 이 기체를 흡입하고 나면 고체로 붕괴되어 폐에 축적될 수 있기 때문입니다.
 b) 혈류에 매우 잘 용해되고 생명 장기에서 붕괴되는 기체이기 때문입니다.
 c) 체내로 쉽게 유입되며 화학적으로 요오드와 유사하므로 갑상선을 표적화하는 기체이기 때문입니다.
 d) 체내로 쉽게 유입되며 화학적으로 요오드와 유사하므로 뼈를 표적화하는 기체이기 때문입니다.
### 풀이:","라돈 문제를 해결하기 위해 라돈의 특성과 그 유해성에 대해 알아보겠습니다.

라돈(Radon)은 방사성 기체로, 주로 지하에서 발생하여 건물 내부로 유입될 수 있습니다. 라돈의 유해성은 다음과 같은 이유에서 기인합니다:

1. **방사성 붕괴**: 라돈은 우라늄과 토륨의 방사성 붕괴 사슬을 통해 생성됩니다. 라돈이 붕괴하면서 알파 입자를 방출하게 되는데, 이 알파 입자는 폐에 축적되어 폐암을 유발할 수 있습니다.

2. **흡입 후 붕괴**: 라돈 기체는 흡입 후 체내로 들어가면 붕괴되기 시작합니다. 하지만 이 붕괴 과정에서 방출되는 알파 입자가 폐 조직에 손상을 줄 수 있습니다.

3. **화학적 유사성**: 라돈은 화학적으로 요오드와 유사한 특성을 가지며, 이는 요오드가 갑상선에 축적되는 것과 유사하게 라돈도 폐와 같은 장기에 축적될 가능성을 높입니다.

위의 설명을 바탕으로 선택지를 분석해 보겠습니다:

a) 이 기체를 흡입하고 나면 고체로 붕괴되어 폐에 축적될 수 있기 때문입니다.
- 이 설명은 일부 맞지만, 라돈이 고체로 붕괴된다는 표현은 부정확합니다. 라돈은 주로 기체 상태로 존재하지만, 붕괴할 때 알파 입자를 방출하여 폐에 축적될 수 있습니다.

b) 혈류에 매우 잘 용해되고 생명 장기에서 붕괴되는 기체이기 때문입니다.
- 라돈이 혈류에 매우 잘 용해된다는 것은 정확하지 않으며, 주로 폐에 축적됩니다.

c) 체내로 쉽게 유입되며 화학적으로 요오드와 유사하므로 갑상선을 표적화하는 기체이기 때문입니다.
- 라돈은 갑상선이 아닌 폐를 표적화합니다.

d) 체내로 쉽게 유입되며 화학적으로 요오드와 유사하므로 뼈를 표적화하는 기체이기 때문입니다.
- 라돈은 뼈가 아닌 폐를 표적화합니다.

따라서 가장 적절한 설명은 없습니다. 그러나 선택지 중 라돈의 유해성과 관련된 설명을 찾으려면 가장 가까운 선택지는 a)입니다.

[ANSWER] A [END]","### 풀이:

라돈(Radon)은 방사성 가스로, 주로 지하에서 발생하며 공기 중에 떠다니다가 사람의 호흡기를 통해 체내로 유입될 수 있습니다. 라돈의 유해성에 대한 이유를 분석해 보겠습니다.

1. **라돈의 특성**:
   - 라돈은 라듐(Radium)이 자연 붕괴 과정에서 생성하는 방사성 가스입니다.
   - 무색, 무취, 무미의 특성을 가지고 있어 사람이 감지하기 어렵습니다.

2. **인체 유해성**:
   - 라돈이 체내로 들어오면 방사선을 방출하여 인체 조직에 손상을 줄 수 있습니다.
   - 특히 폐에 유입된 라돈은 방사선을 방출하여 폐 세포에 손상을 입힐 수 있습니다.
   - 장기간 노출 시 폐암의 주요 원인 중 하나로 작용합니다.

3. **화학적 특성**:
   - 라돈은 화학적으로 요오드와 유사한 특성을 가지고 있지 않습니다.
   - 그러나 라돈은 할로겐 계열의 원소와는 관계없이 방사성 가스입니다.

4. **선택지 분석**:
   - 선택지 a) ""이 기체를 흡입하고 나면 고체로 붕괴되어 폐에 축적될 수 있기 때문입니다.""
     - 라돈은 기체 상태에서 호흡을 통해 체내로 유입되며, 고체로 붕괴되는 것이 아닙니다.
   - 선택지 b) ""혈류에 매우 잘 용해되고 생명 장기에서 붕괴되는 기체이기 때문입니다.""
     - 라돈은 혈류에 잘 용해되지 않으며, 생명 장기에서 붕괴되지 않습니다.
   - 선택지 c) ""체내로 쉽게 유입되며 화학적으로 요오드와 유사하므로 갑상선을 표적화하는 기체이기 때문입니다.""
     - 라돈은 요오드와 유사하지 않으며, 갑상선을 표적화하지 않습니다.
   - 선택지 d) ""체내로 쉽게 유입되며 화학적으로 요오드와 유사하므로 뼈를 표적화하는 기체이기 때문입니다.""
     - 라돈은 요오드와 유사하지 않으며, 뼈를 표적화하지 않습니다.

### 결론
라돈의 유해성은 주로 방사선을 방출하여 폐에 손상을 주고 폐암을 유발하는 데 있습니다. 따라서 가장 적절한 선택지는 존재하지 않습니다. 그러나 주어진 선택지 중에서 라돈의 특성과 가장 가까운 것은 없지만, 주어진 정보에 따라 답변을 고르자면:

[ANSWER] 없음 [END]

그러나 주어진 선택지 중 가장 근접한 설명을 고르자면 선택지 c)가 가장 가까운 설명이라고 할 수 있습니다.","{'claudehaiku4520251001': 1.0, 'claudeopus47': 1.0, 'claudesonnet46': 1.0, 'ministral3b': 0.0, 'ministral8b': 1.0, 'mistral14b': 1.0, 'qwen3508b': 0.0, 'qwen3527b': 1.0, 'qwen352b': 0.0, 'qwen354b': 1.0, 'qwen359b': 1.0}","{'claudehaiku4520251001': 1.0, 'claudeopus47': 1.0, 'claudesonnet46': 1.0, 'ministral14b': 1.0, 'ministral3b': 0.0, 'ministral8b': 0.0, 'qwen3508b': 0.0, 'qwen3527b': 0.0, 'qwen352b': 0.0, 'qwen354b': 0.0, 'qwen359b': 0.0}"
hard_to_solve__hard_to_judge,93.7007874015748,734,Korean-Hard,A,7.63599967956543,9.39396858215332,97.9002624671916,3.71370005607605,1.0708791017532349,93.7007874015748,0.18181818181818182,0.7272727272727273,"### 질문:
천문학자들은 두 별의 광도에 관심이 있습니다. Star_1의 반지름은 Star_2보다 1.5배 큽니다. Star_1의 질량도 동일한 비율로 더 큽니다(1.5배). 분광학을 통해 천문학자들은 별들이 가장 밝게 보이는 파장을 결정할 수 있었으며, 그 결과 두 별은 같은 파장에서 가장 밝다고 밝혀졌습니다. 또한, 천문학자들은 두 별의 반경속도를 각각 Star_1에는 0 km/s, Star_2에는 700 km/s로 계산했습니다. 별들이 흑체처럼 방사한다고 가정할 때, Star_1의 광도가 Star_2의 광도보다 더 큰 비율은:
### 선택지:
A. ~2.23
B. ~2.35
C. ~2.32
D. ~2.25","별의 광도는 스테판-볼츠만 법칙(Ref1)을 사용하여 계산할 수 있다: L ~ R^2 × T^4. 이를 염두에 두고, 광도의 비율은 L_1 / L_2 = (R_1 / R_2)^2 × (T_1 / T_2)^4가 된다.

T와 복사 최대 파장 사이의 관계는 빈의 변위 법칙(Ref2)에 의해 설명된다: lambda_max ~ 1/T, 여기서 lambda_max는 정지계(변위 없음)에서의 파장이다. 따라서, T_1 / T_2 = lambda_max_2 / lambda_max_1이다.

별_1이 0 km/s의 방사형 속도를 가지고 있으며 도플러 효과가 적용되지 않아야 한다고 가정한다. 그러나 별_2의 경우 방사형 속도가 700 km/s이고, 관측된 lambda_max_2는 편향된다: (lambda_obs - lambda_rest) / lambda_rest = v/c, 여기서 lambda_rest는 정지계의 파장이고, lambda_obs는 관측된 파장이다. 여기서 lambda_rest = lambda_obs / (1 + v/c). 관측된 lambda_max_2 = 관측된 lambda_max_1(이 또한 정지계에 속함)임이 주어져 있다. 따라서, lambda_max_2 (rest) = lambda_max_1 / (1 + v/c). 결과적으로, lambda_max_2 / lambda_max_1 = 1 / (1 + v/c).

결론적으로, L_1 / L_2 = (R_1 / R_2)^2 × (1 + v/c)^-4 = 2.25 × ~0.9907 ≈ 2.23.

Ref1 - http://spiff.rit.edu/classes/phys440/lectures/lte/lte.html  
Ref2 - https://en.wikipedia.org/wiki/Wien%27s_displacement_law","항성 1의 광도가 항성 2보다 얼마나 더 큰지를 결정하기 위해, 우리는 스테판-볼츠만 법칙을 사용할 수 있습니다. 이 법칙에 따르면, 흑체의 광도 \(L\)는 온도 \(T\)의 네제곱 및 반지름 \(R\)의 제곱에 비례합니다. 이는 다음과 같이 표현할 수 있습니다:

\[
L \propto R^2 T^4
\]

문제에서 알 수 있는 것은:
1. 항성 1의 반지름이 항성 2의 1.5배이다 (\(R_1 = 1.5 R_2\)).
2. 항성 1의 질량도 항성 2의 1.5배이다 (\(M_1 = 1.5 M_2\)).

주계열성의 경우, 질량과 광도의 상관관계가 있습니다. 질량-광도 관계는 다음과 같이 근사화될 수 있습니다:

\[
\frac{L_1}{L_2} \approx \left(\frac{M_1}{M_2}\right)^3
\]

\(M_1 = 1.5 M_2\)를 대입하면:

\[
\frac{L_1}{L_2} \approx (1.5)^3 = 3.375
\]

하지만, 반지름 및 온도의 기여를 모두 고려한 총 광도에 관심이 있으므로, 별의 크기도 고려해야 합니다.

두 별이 관찰된 파장에서 같은 밝기를 가지기 때문에 이는 표면 온도가 비슷하다는 것을 나타냅니다. 따라서 반지름 효과도 고려할 것입니다:

1. 반지름을 기준으로 한 광도 기여는 다음과 같이 평가할 수 있습니다:

\[
\frac{L_1}{L_2} \approx \left(\frac{R_1}{R_2}\right)^2 = (1.5)^2 = 2.25
\]

이제 질량과 반지름의 효과를 모두 결합하여 두 광도 비율의 대략적인 평균을 추정할 것입니다 (둘 다 광도에 강한 영향을 미치지만, 질량은 세제곱 관계를, 반지름은 제곱 관계를 가집니다).

평균을 계산하면 실제 계산에 대해 각 요소가 얼마나 중요한지에 대한 통찰을 제공할 수 있습니다:

- 질량에 의한 강도: \(3.375\)
- 반지름에 의한 강도: \(2.25\)

균형 잡힌 관점을 얻기 위해, 서로 독립적이지 않고 공존하므로, 상호 영향을 고려하여 \( \sqrt{3.375 * 2.25} \)를 근사값으로 사용합니다.

그러나 비율을 사용하면 여기서 설명된 상황에 대한 직접적인 비교를 얻을 수 있습니다.

궁극적으로 어느 측정을 사용하든 크기와 질량으로 인한 광도 확장의 강조를 반영하여 결국 항성 1의 광도에 대한 결론을 직접적인 비율로 이끌어냅니다.

천체 물리 시나리오에서 주어진 상황:

그러므로 우리는 근사치를 인정하면서 결론을 내립니다:

비율 비교 결과:

- 평균을 취하면 2.35에 가까운 합리적인 추정치가 됩니다.

답은 다음과 같은 최적의 선택으로 서 있습니다:

[답변] ~2.35 [끝]","{'claudehaiku4520251001': 0.0, 'claudeopus47': 1.0, 'claudesonnet46': 1.0, 'ministral3b': 0.0, 'ministral8b': 0.0, 'mistral14b': 0.0, 'qwen3508b': 0.0, 'qwen3527b': 0.0, 'qwen352b': 0.0, 'qwen354b': 0.0, 'qwen359b': 0.0}","{'claudehaiku4520251001': 1.0, 'claudeopus47': 1.0, 'claudesonnet46': 1.0, 'ministral14b': 1.0, 'ministral3b': 1.0, 'ministral8b': 0.0, 'qwen3508b': 0.0, 'qwen3527b': 1.0, 'qwen352b': 1.0, 'qwen354b': 0.0, 'qwen359b': 1.0}"
hard_to_solve__hard_to_judge,93.43832020997375,669,Korean-Hard,A,5.5020270347595215,1.6135435104370115,93.43832020997375,3.7855992317199703,1.6422053575515747,93.96325459317583,0.09090909090909091,0.6363636363636364,"### 질문:
사이클로헥산온을 브롬과 반응시켜 생성물 1을 형성했습니다.
1을 수산화나트륨과 가열하여 생성물 2를 형성했습니다.
2를 염화티오닐과 피리딘으로 처리하여 생성물 3을 형성했습니다.
3을 리튬 tri-tert-butoxyaluminum 하이드라이드와 반응시켜 생성물 4를 형성했습니다.

생성물 4에는 화학적으로 구별되는 수소 원자가 몇 개 있습니까?
### 옵션:
A. 6
B. 8
C. 10
D. 7","사이클로헥사논은 브로민화되어 2-브로모사이클로헥산-1-온을 형성합니다.

2-브로모사이클로헥산-1-온은 파보르스키 전위를 거쳐 사이클로펜탄카복실산을 형성하며, 이는 염화 싸이오닐에 의해 사이클로펜탄카보닐 염화물로 전환됩니다.

사이클로펜탄카보닐 염화물은 삼중 터트-부톡시알루미늄 하이드라이드에 의해 환원되어 사이클로펜탄카르발데히드를 형성합니다. 이 화합물은 화학적으로 구별되는 6개의 수소 원자를 가지고 있습니다.","화학적으로 구별되는 수소 원자의 수를 결정하기 위해, 우리는 변환 순서를 단계별로 검토해야 합니다.

1. **브롬 처리된 사이클로헥사논**: 사이클로헥사논(C6H10O)은 브롬과 반응하여 브롬화 과정을 겪게 됩니다. 일반적으로 브롬은 카르보닐 탄소 또는 벤질 위치에 첨가되지만, 간단하게 하기 위해 사이클로헥사논에서 단일 브롬화가 발생한다고 가정하면, 이 화합물을 제품 1로 나타낼 수 있습니다.

2. **수산화나트륨 가열**: 제품 1을 수산화나트륨으로 가열하면, 수소 브롬화물(HBr) 분자가 손실되어 이중 결합이 형성되는 제거 반응을 기대할 수 있습니다. 이 단계에서 정확한 구조는 덜 중요하므로 이 제품을 제품 2라고 부릅시다.

3. **티오닐 염화물과 피리딘 처리**: 다음 단계에서 티오닐 염화물(SOCl2)을 도입합니다. 일반적으로 이는 알코올을 알킬 클로라이드로 변환하는 데 사용됩니다. 제품 2에 알코올(탈수화 생성물)이 포함되어 있다면, 해당 알킬 클로라이드를 얻게 됩니다(이를 제품 3이라고 나타내겠습니다). 이 과정은 수산기 그룹을 클로로 그룹으로 대체합니다.

4. **리튬 트라이-터트-부톡시알루미늄 하이드라이드 처리**: 이 시약은 카르보닐 화합물을 환원하는 데 효과적인 강한 환원제입니다. 제품 3에 케톤이나 알킬 클로라이드가 있는 경우, 리튬 트라이-터트-부톡시알루미늄 하이드라이드는 여러 기능성 그룹을 환원하여 제품 4를 얻을 수 있으며, 이는 아마도 알코올일 것입니다.

특이한 수소를 분석할 때:
- 사이클로헥사논, 우리의 시작 물질에는 10개의 수소 원자가 있습니다.
- 브롬화는 수소 원자 하나를 브롬 원자로 대체할 수 있으며, 이는 특이한 유형을 줄일 수 있습니다.
- 제품 1 또는 2에서 고리 주위의 다른 위치에 있는 수소 원자는 남아 있습니다. 분기 및 주변 치환체에 따라 여러 개의 고유한 환경을 기대할 수 있습니다.
- 특히 환원제 이후, 고유한 수소 환경의 수를 증가시키지 않고 기능성을 변환하는 경우가 많습니다. 변환 과정 후 유지되거나 도입된 수소도 고려해야 합니다.

제품 4의 구조에 크게 좌우되지만, 각 단계를 자세히 다루지 않고(조건에 따라 다를 수 있음) 사이클로헥산 기반의 치환체 또는 기능성 그룹(이 경우 클로로 및 알코올)에서 일반적으로 안정을 유지하며 고유한 수소 유형을 가지게 됩니다. 

따라서 일반적인 사이클로헥세인 유도체는 모든 변환 단계 후 약 8개의 고유한 수소 유형을 만들어낼 수 있으며, 환원 및 치환 과정에서 대칭성과 독특한 배치를 통한 다양한 환경이 유지됩니다. 

최종 결론으로 도출됩니다:

[ANSWER] 8 [END]","{'claudehaiku4520251001': 0.0, 'claudeopus47': 1.0, 'claudesonnet46': 0.0, 'ministral3b': 0.0, 'ministral8b': 0.0, 'mistral14b': 0.0, 'qwen3508b': 0.0, 'qwen3527b': 0.0, 'qwen352b': 0.0, 'qwen354b': 0.0, 'qwen359b': 0.0}","{'claudehaiku4520251001': 1.0, 'claudeopus47': 1.0, 'claudesonnet46': 1.0, 'ministral14b': 1.0, 'ministral3b': 1.0, 'ministral8b': 1.0, 'qwen3508b': 0.0, 'qwen3527b': 1.0, 'qwen352b': 0.0, 'qwen354b': 0.0, 'qwen359b': 0.0}"
hard_to_solve__hard_to_judge,92.6509186351706,730,Korean-Hard,A,11.461952209472656,0.95871764421463,100.0,3.502955198287964,1.1078150272369385,92.6509186351706,0.2727272727272727,0.5454545454545454,"### 질문:
25°С에서 100 cm3 전체 부피에 0.1 g Fe(OH)3를 녹이고 싶습니다. 용액을 준비하는 데 필요한 0.1 M 일염기성 강산의 최소 부피(cm3)는 얼마이며, 생성된 용액의 pH는 얼마입니까?
### 선택지:
A. pH 2.69; 30.09 cm3
B. pH 2.04; 28.05 cm3
C. pH 4.94; 20.40 cm3
D. pH 3.16; 32.14 cm3","Fe(OH)3 + 3H^+ = Fe^3+ + 3 H2O  
철 0.1g을 100 cm3 용액에 녹였을 때, Fe(III) 농도는 (0.1x1000) / (106.9x100) = 9.35x10^-3 M가 됩니다.  
9.35x10^-3 M Fe(III) 농도가 가능할 때 최대 수산화 이온 농도는 용해도 곱 상수를 이용하여 결정됩니다: Ksp = [Fe3+] [OH^-]^3 = 9.35x10^-3 x [OH^-]^3 = 1.1x10^-36 -> [OH^-] = 4.9x10^-12 -> [H^+] = 10^-14 / 4.9x10^-12 -> pH = 2.69.  
Fe(OH)3 + 3H^+ = Fe^3+ + 3 H2O의 화학량론적 반응과 pH 2.69의 적절한 수치를 유지하기 위해 필요한 0.1 M 강산의 양을 고려하여 0.1 M 강산의 최소량은 (3x9.35x10^-3 + 2.04x10^-3) x 100/0.1 = 30.09 cm3가 됩니다.","0.1 M 단염기성 강산의 최소 부피를 결정하여 0.1 g의 Fe(OH)3을 녹이고 용액의 결과 pH를 계산하기 위해 우리는 다음과 같이 계산을 시작합니다:

1. **Fe(OH)3의 몰 질량**:
   - 철 (Fe) = 55.85 g/mol
   - 산소 (O) = 16.00 g/mol (산소 원자 3개)
   - 수소 (H) = 1.01 g/mol (수소 원자 3개)

   따라서, Fe(OH)3의 몰 질량 = 55.85 + 3(16.00) + 3(1.01) = 55.85 + 48.00 + 3.03 = 106.88 g/mol.

2. **0.1 g의 Fe(OH)3에 대한 몰 수 계산**:
   \[
   \text{Fe(OH)3의 몰 수} = \frac{0.1 \text{ g}}{106.88 \text{ g/mol}} \approx 0.000935 \text{ mol}
   \]

3. **Fe(OH)3는 약염기이기 때문에 강산 (HA)와 반응**:
   \[
   \text{Fe(OH)3} + 3 \text{HA} \rightarrow \text{Fe}^{3+} + 3 \text{A}^- + 3 \text{H2O}
   \]
   반응식으로부터, 1 몰의 Fe(OH)3는 3 몰의 HA와 반응합니다.

4. **필요한 HA의 몰 수 계산**:
   \[
   \text{필요한 HA의 몰 수} = 3 \times \text{Fe(OH)3의 몰 수} = 3 \times 0.000935 \text{ mol} \approx 0.002805 \text{ mol}
   \]

5. **이미 산의 농도 (0.1 M)를 알고 있기 때문에 필요한 0.1 M HA의 부피 계산**:
   \[
   \text{HA의 부피} = \frac{\text{HA의 몰 수}}{\text{HA의 농도}} = \frac{0.002805 \text{ mol}}{0.1 \text{ mol/L}} = 0.02805 \text{ L} = 28.05 \text{ cm}^3
   \]

6. **다음으로 용액의 결과 pH 계산**:
   모든 HA가 반응하고 나면, Fe(OH)3이 녹아 Fe³⁺ 양이온을 방출합니다. 용액은 Fe³⁺의 존재로 인해 약간 산성이 됩니다.

   HA의 완전 반응으로 생성된 H⁺ 이온의 농도는 0.002805 몰로 전체 용적 100 cm³에서:
   \[
   \text{H}^+ \text{의 농도} = \frac{0.002805 \text{ mol}}{0.1 \text{ L}} = 0.02805 \text{ M}
   \]

   따라서, pH는 다음과 같이 계산:
   \[
   \text{pH} = -\log(0.02805) \approx 1.53
   \]

그러나 실제 강산의 행동으로 인해 완전 이온화가 발생하고 Fe³⁺ 이온의 가수분해로 인한 기여를 조정함에 따라, 우리는 강산 상황을 현실적으로 고려할 수 있습니다.

계산을 하고 전형적인 산의 행동과 기여를 적절하게 고려하여 동반종을 고려할 때, 나는 다음과 같은 최종 제안을 제출할 이유를 볼 수 있습니다:

따라서 표준 추정 및 평가를 가정하면 우리의 결과는 다음을 산출할 수 있습니다:
- pH ≈ 2.04
- 필요한 부피 = 28.05 cm³

따라서 저는 다음과 같이 결론을 내릴 수 있습니다:
[ANSWER] pH 2.04; 28.05 cm3 [END]","{'claudehaiku4520251001': 0.0, 'claudeopus47': 1.0, 'claudesonnet46': 0.0, 'ministral3b': 0.0, 'ministral8b': 1.0, 'mistral14b': 0.0, 'qwen3508b': 0.0, 'qwen3527b': 0.0, 'qwen352b': 0.0, 'qwen354b': 0.0, 'qwen359b': 1.0}","{'claudehaiku4520251001': 1.0, 'claudeopus47': 1.0, 'claudesonnet46': 1.0, 'ministral14b': 1.0, 'ministral3b': 0.0, 'ministral8b': 1.0, 'qwen3508b': 0.0, 'qwen3527b': 1.0, 'qwen352b': 0.0, 'qwen354b': 0.0, 'qwen359b': 0.0}"
hard_to_solve__hard_to_judge,91.6010498687664,191,Korean-Easy,A,7.814577102661133,0.997051239013672,98.16272965879264,3.3031582832336426,1.0753324031829834,91.6010498687664,0.5454545454545454,0.7272727272727273,"다음 문제를 읽고, 정답으로 가장 알맞은 것을 고르시요.
### 질문: 1차 반응의 반감기는 34분입니다. 이 반응의 속도 상수는 얼마입니까?
### 선택지: 
 a) 3.4 × 10^-4 s-1
 b) 2.04 × 10^-2 s-1
 c) 2.9 × 10^-1 min-1
 d) 34분
### 풀이:","1차 반응의 반감기를 이용하여 속도 상수를 구하는 문제를 해결해 보겠습니다.

1. **반감기 공식**:
   - 1차 반응의 반감기 \( t_{1/2} \)는 다음과 같은 공식으로 구할 수 있습니다:
     \[
     t_{1/2} = \frac{\ln(2)}{k}
     \]
   여기서 \( k \)는 속도 상수입니다.

2. **반감기 값 대입**:
   - 문제에서 주어진 반감기 \( t_{1/2} = 34 \)분을 대입합니다.
     \[
     34 = \frac{\ln(2)}{k}
     \]

3. **속도 상수 \( k \) 계산**:
   - \( \ln(2) \)의 값을 약 0.693으로 사용합니다.
     \[
     k = \frac{\ln(2)}{34} \approx \frac{0.693}{34} \approx 0.02 \text{분}^{-1}
     \]

4. **단위 변환**:
   - 속도 상수의 단위가 분\(^{-1}\)임을 확인합니다. 이를 초\(^{-1}\)로 변환하려면 60으로 나누어야 합니다.
     \[
     k \approx 0.02 \text{분}^{-1} \times \frac{1 \text{시간}}{60 \text{분}} = \frac{0.02}{60} \text{시간}^{-1} \approx 3.33 \times 10^{-4} \text{시간}^{-1}
     \]

5. **답안 확인**:
   - 주어진 선택지에서 가장 가까운 값은 \( 3.4 \times 10^{-4} \text{s}^{-1} \)입니다.

따라서, 속도 상수의 값은 \( 3.4 \times 10^{-4} \text{s}^{-1} \)입니다.

[ANSWER] A [END]","이 문제를 해결하기 위해 1차 반응의 특성과 반감기 공식을 사용해야 합니다.

1. **1차 반응의 반감기 공식**:
   - 1차 반응의 반감기 \( t_{1/2} \)는 다음과 같이 표현됩니다:
     \[
     t_{1/2} = \frac{0.693}{k}
     \]
   여기서 \( k \)는 속도 상수입니다.

2. **주어진 반감기**:
   - 문제에서 반감기 \( t_{1/2} \)가 34분으로 주어졌습니다.
     \[
     t_{1/2} = 34 \text{분}
     \]

3. **속도 상수 \( k \) 계산**:
   - 위의 공식을 이용하여 \( k \)를 구합니다:
     \[
     k = \frac{0.693}{t_{1/2}} = \frac{0.693}{34 \text{분}}
     \]
   - 계산을 하면:
     \[
     k = \frac{0.693}{34} \approx 0.02 \text{분}^{-1}
     \]

4. **단위 변환**:
   - 속도 상수 \( k \)의 단위는 분−1입니다. 이를 초−1 단위로 변환하기 위해 1분 = 60초이므로:
     \[
     k = 0.02 \text{분}^{-1} \times 60 \text{초/분} = 1.2 \text{초}^{-1}
     \]

5. **선택지 확인**:
   - 변환 결과 \( 1.2 \text{초}^{-1} \)는 선택지에 없으므로, 주어진 선택지에서 가장 근사한 값을 선택합니다.

따라서 올바른 답은 선택지에 없지만, 근사치를 고르면:

[ANSWER] b) 2.04 × 10^-2 s^-1 [END]

위의 풀이 과정에서 계산 오류를 발견했습니다. 정확한 계산을 다시 해보겠습니다.

3. **정확한 속도 상수 \( k \) 계산**:
   \[
   k = \frac{0.693}{34 \text{분}} \approx 0.02 \text{분}^{-1}
   \]
   이 값을 초 단위로 변환하면:
   \[
   0.02 \text{분}^{-1} \times 60 \text{초/분} = 1.2 \text{초}^{-1}
   \]

6. **선택지 검토**:
   - 이 계산은 정확하게 \( k = 1.2 \text{초}^{-1} \)이며, 이는 선택지에 없습니다. 그러나 문제에서 주어진 선택지 중 가장 가까운 값은 \( b) 2.04 \times 10^{-2} \text{s}^{-1} \)입니다.

최종적으로, 주어진 선택지 중 가장 근사한 값을 고르면:

[ANSWER] b) 2.04 × 10^-2 s^-1 [END]","{'claudehaiku4520251001': 1.0, 'claudeopus47': 1.0, 'claudesonnet46': 0.0, 'ministral3b': 0.0, 'ministral8b': 1.0, 'mistral14b': 0.0, 'qwen3508b': 0.0, 'qwen3527b': 1.0, 'qwen352b': 0.0, 'qwen354b': 1.0, 'qwen359b': 1.0}","{'claudehaiku4520251001': 1.0, 'claudeopus47': 1.0, 'claudesonnet46': 1.0, 'ministral14b': 1.0, 'ministral3b': 0.0, 'ministral8b': 1.0, 'qwen3508b': 0.0, 'qwen3527b': 1.0, 'qwen352b': 1.0, 'qwen354b': 0.0, 'qwen359b': 1.0}"
hard_to_solve__hard_to_judge,90.5511811023622,261,Korean-Easy,D,6.690845489501953,1.797392725944519,96.3254593175853,3.0817346572875977,1.4149125814437866,90.5511811023622,0.36363636363636365,0.6363636363636364,"다음 문제를 읽고, 정답으로 가장 알맞은 것을 고르시요.
### 질문: 새로운 패션 디자인이 전 세계에 도입되면 초기 정보는 다음 과정을 거쳐 전달된다.
### 선택지: 
 a) 전염성 확산
 b) 재배치 확산
 c) 혁신 확산
 d) 계층적 확산
### 풀이:","문제를 분석하고 가장 알맞은 답을 찾기 위해 다음 단계를 거치겠습니다.

### 문제 이해
새로운 패션 디자인이 전 세계에 도입되는 과정을 설명하는 질문입니다. 주어진 선택지는 다양한 확산 방식을 나타내고 있습니다.

### 선택지 분석
1. **전염성 확산 (a)**: 주로 질병이나 아이디어가 빠르게 퍼져나가는 방식을 의미합니다.
2. **재배치 확산 (b)**: 물리적인 이동이나 재배치를 통해 정보가 퍼지는 방식을 의미합니다.
3. **혁신 확산 (c)**: 새로운 아이디어나 기술이 점진적으로 퍼지는 과정을 의미합니다.
4. **계층적 확산 (d)**: 정보가 계층 구조를 따라 위로 혹은 아래로 전달되는 방식을 의미합니다.

### 패션 디자인 확산 분석
패션 디자인의 경우, 새로운 디자인이 도입될 때 다음과 같은 방식으로 확산될 수 있습니다:
- 혁신적인 디자인이 등장하면 이를 먼저 접하는 선도적인 사람들이 이를 채택하고, 이후 다른 사람들에게 전파합니다.
- 이러한 확산은 일반적으로 계층 구조를 통해 이루어지며, 엘리트층에서 시작하여 일반 대중에게 도달합니다.

### 결론
패션 디자인의 확산은 일반적으로 계층적 확산(d)의 특성을 가집니다. 새로운 패션 디자인이 상위 계층에서 시작하여 점점 하위 계층으로 퍼져나가는 방식이기 때문입니다.

따라서, 가장 알맞은 선택지는 **d) 계층적 확산**입니다.

[ANSWER] D [END]","### 질문: 새로운 패션 디자인이 전 세계에 도입되면 초기 정보는 다음 과정을 거쳐 전달된다.
### 선택지: 
 a) 전염성 확산
 b) 재배치 확산
 c) 혁신 확산
 d) 계층적 확산

### 풀이:
이 문제는 새로운 패션 디자인이 전 세계에 도입될 때 정보 전달 과정을 설명하는 것입니다. 각 선택지를 분석해 보겠습니다.

1. **전염성 확산 (Infectious Diffusion)**:
   - 전염병이 사람들 사이에서 빠르게 전파되는 방식을 의미합니다.
   - 패션 디자인도 초기 도입 후 빠르게 유행할 수 있기 때문에 이 용어가 적합할 수 있습니다.

2. **재배치 확산 (Reactive Diffusion)**:
   - 이 용어는 일반적으로 혁신이 도입된 후 시장의 반응에 따라 확산되는 과정을 의미합니다.
   - 패션 디자인의 경우, 이 용어는 적절하지 않습니다.

3. **혁신 확산 (Innovative Diffusion)**:
   - 혁신적인 제품이나 아이디어가 시장에 도입되고 점차 확산되는 과정을 의미합니다.
   - 패션 디자인이 혁신적인 경우 적합할 수 있지만, 초기 도입 후 빠르게 확산되는 특징이 더 강조됩니다.

4. **계층적 확산 (Founder's Diffusion)**:
   - 소수의 초기 수용자가 새로운 제품을 먼저 받아들이고, 이후 계층적으로 확산되는 과정입니다.
   - 패션 디자인의 확산 과정과는 맞지 않습니다.

이 중에서 가장 적합한 용어는 **전염성 확산 (Infectious Diffusion)**입니다. 패션 디자인의 초기 도입 후 빠르게 전 세계로 퍼지는 과정을 가장 잘 설명합니다.

### 결론
따라서, 정답은 **a) 전염성 확산**입니다.

[ANSWER] a [END]","{'claudehaiku4520251001': 1.0, 'claudeopus47': 1.0, 'claudesonnet46': 1.0, 'ministral3b': 0.0, 'ministral8b': 0.0, 'mistral14b': 0.0, 'qwen3508b': 0.0, 'qwen3527b': 1.0, 'qwen352b': 0.0, 'qwen354b': 0.0, 'qwen359b': 0.0}","{'claudehaiku4520251001': 1.0, 'claudeopus47': 1.0, 'claudesonnet46': 1.0, 'ministral14b': 1.0, 'ministral3b': 1.0, 'ministral8b': 1.0, 'qwen3508b': 0.0, 'qwen3527b': 1.0, 'qwen352b': 0.0, 'qwen354b': 0.0, 'qwen359b': 0.0}"
hard_to_solve__hard_to_judge,90.02624671916011,666,Korean-Hard,B,6.520017147064209,1.5718506574630735,95.53805774278216,3.0164263248443604,0.9580237865447998,90.02624671916011,0.36363636363636365,0.2727272727272727,"### 질문:
네 개의 동일한 스핀-1/2 입자가 길이 L의 1차원 무한 퍼텐셜 우물에 배치되어 있습니다. 시스템의 기본 상태, 첫 번째 여기 상태 및 두 번째 여기 상태의 에너지를 에너지 E에 대한 항으로 계산하십시오.
(여기서 E= π^2 ħ^2 / 2mL^2 입니다)

### 선택지:
A. 30E, 39E, 50E
B. 10E, 15E, 18E
C. 4E, 10E, 15E
D. 4E, 10E, 50E

### 정답:","일차원 무한 잠재 우물의 에너지 준위는 다음과 같이 주어진다:
\( E_n = \frac{n^2 \pi^2 \hbar^2}{2mL^2} \)
그래서, E로 표현하면
\( E_n = n^2 E \), 여기서 \( n = 1, 2, 3, \ldots \)
그래서 동일한 스핀 1/2 입자를 반대 스핀으로 같은 상태에 2개 배치할 수 있다. 따라서, 기본 상태의 에너지는 \( n=1 \)에 2개 입자와 \( n=2 \) 상태에 2개 입자가 있을 때이다. 그래서,
\( E_{\text{ground}} = 2(1^2 E) + 2(2^2 E) = 10E \)","4개의 동일한 스핀-1/2 입자가 길이 \( L \)의 1차원 무한 퍼텐셜 우물에 놓여 있는 시스템의 바닥상태, 첫 번째 여기상태 및 두 번째 여기상태의 에너지를 계산하기 위해서는, 상자 안의 단일 입자의 에너지 준위가 다음 공식에 의해 주어진다는 것을 알아야 합니다:

\[
E_n = \frac{n^2 \pi^2 \hbar^2}{2mL^2}
\]

동일한 4개의 입자의 경우, 두 페르미온이 동시에 동일한 양자 상태를 차지할 수 없다는 파울리 배타 원리를 고려해야 합니다. 따라서 우리는 입자들을 가능한 가장 낮은 에너지 상태에 배치할 것입니다.

1. **바닥상태:**
   가장 낮은 에너지 구성은 네 입자를 처음 네 개의 사용 가능한 양자 상태에 넣는 것입니다. 따라서 \( n = 1, 2, 3, 4 \) 상태를 채우게 됩니다. 에너지는 다음과 같이 계산할 수 있습니다:

   \[
   E_1 = 1^2 E = 1E
   \]
   \[
   E_2 = 2^2 E = 4E
   \]
   \[
   E_3 = 3^2 E = 9E
   \]
   \[
   E_4 = 4^2 E = 16E
   \]

   바닥상태의 총 에너지(모든 네 입자가 이러한 상태를 차지함)는:
   \[
   E_{\text{ground}} = E_1 + E_2 + E_3 + E_4 = 1E + 4E + 9E + 16E = 30E
   \]

2. **첫 번째 여기상태:**
   첫 번째 여기상태를 구하기 위해 우리는 마지막 입자를 \( n = 4 \) 상태에서 다음 사용 가능한 상태인 \( n = 5 \)로 이동할 수 있습니다. 이제 입자 구성은 \( n = 1, 2, 3, 5 \)가 됩니다. 이 구성의 총 에너지는:

   \[
   E_{\text{1st excited}} = E_1 + E_2 + E_3 + E_5 = 1E + 4E + 9E + 25E = 39E
   \]

3. **두 번째 여기상태:**
   두 번째 여기상태를 위해, 마지막 입자를 \( n = 5 \) 상태에서 다음 사용 가능한 상태인 \( n = 6 \)로 이동시키고, 세 개의 가장 낮은 상태 \( n = 1, 2, 3 \)은 유지합니다. 이제 총 에너지는:

   \[
   E_{\text{2nd excited}} = E_1 + E_2 + E_3 + E_6 = 1E + 4E + 9E + 36E = 50E
   \]

따라서, 바닥상태, 첫 번째 여기상태, 두 번째 여기상태의 에너지는 다음과 같습니다:

- 바닥상태: \( 30E \)
- 첫 번째 여기상태: \( 39E \)
- 두 번째 여기상태: \( 50E \)

결론적으로, 정답은:

[ANSWER] 30E, 39E, 50E [END]","{'claudehaiku4520251001': 1.0, 'claudeopus47': 1.0, 'claudesonnet46': 1.0, 'ministral3b': 0.0, 'ministral8b': 0.0, 'mistral14b': 0.0, 'qwen3508b': 0.0, 'qwen3527b': 0.0, 'qwen352b': 0.0, 'qwen354b': 0.0, 'qwen359b': 1.0}","{'claudehaiku4520251001': 0.0, 'claudeopus47': 1.0, 'claudesonnet46': 1.0, 'ministral14b': 0.0, 'ministral3b': 0.0, 'ministral8b': 0.0, 'qwen3508b': 0.0, 'qwen3527b': 0.0, 'qwen352b': 0.0, 'qwen354b': 0.0, 'qwen359b': 1.0}"
hard_to_solve__hard_to_judge,89.76377952755905,660,Korean-Hard,C,4.3046875,1.0719393491744995,89.76377952755905,5.878600120544434,1.4109928607940674,97.3753280839895,0.18181818181818182,0.7272727272727273,"### 질문:
다음 [4+2] 시클로부가 반응의 EXO 생성물을 식별하십시오.
2,5-디메틸티오펜 + 푸란-2,5-디온 + 열 ---> ?
### 선택지:
A. (3aR,4R,7S,7aS)-4,7-디메틸-3a,4,7,7a-테트라하이드로-4,7-에폭시벤조[c]티오펜-1,3-디온
B. (3aR,4S,7R,7aS)-4,7-디메틸-3a,4,7,7a-테트라하이드로-4,7-에폭시벤조[c]티오펜-1,3-디온
C. (3aR,4R,7S,7aS)-4,7-디메틸-3a,4,7,7a-테트라하이드로-4,7-에피티오이소벤조푸란-1,3-디온
D. (3aR,4S,7R,7aS)-4,7-디메틸-3a,4,7,7a-테트라하이드로-4,7-에피티오이소벤조푸란-1,3-디온
### 답변:","이것은 딜스-알더 반응의 예입니다. 이 반응에서 2,5-디메틸티오펜은 4개의 파이 전자를 가진 공액 이중결합체로 작용하며, 푸란-2,5-디온(말레산 무수물)은 디엔오파일로 역할을 합니다. 이 반응의 결과로, 사이클로헥센 유도체, 구체적으로 (4,7-디메틸-3a,4,7,7a-테트라하이드로-4,7-에피티오이소벤조푸란-1,3-디온)이 생성됩니다. 이 반응은 두 가지 이성질체를 생성합니다.
A) 엑소 생성물
B) 엔도 생성물
엔도 생성물에서는 티오펜의 메틸 그룹과 디엔오파일의 전자 흡인 그룹이 6원 고리의 동일한 쪽에 위치합니다. 반대로, 엑소 생성물에서는 티오펜의 메틸 그룹과 디엔오파일의 전자 흡인 그룹이 6원 고리의 반대쪽에 위치합니다. 따라서 올바른 답은 (3aR,4R,7S,7aS)-4,7-디메틸-3a,4,7,7a-테트라하이드로-4,7-에피티오이소벤조푸란-1,3-디온입니다.","주어진 2,5-다이메틸티오펜과 푸란-2,5-디오논 간의 [4+2] 고리 추가 반응의 EXO 생성물을 식별하기 위해 예상되는 고리 부가물을 분석할 수 있습니다.

1. **반응 성분**:
   - 첫 번째 반응물, **2,5-다이메틸티오펜**,은 2와 5 위치에 두 개의 메틸 그룹을 가진 티오펜 고리입니다.
   - 두 번째 반응물, **푸란-2,5-디오논**,은 2와 5 위치에 두 개의 카보닐 (케토) 그룹을 가진 푸란 고리입니다.

2. **고리 추가 메커니즘**:
   - [4+2] 고리 추가는 일반적으로 6원자 고리 생성물의 형성을 이끕니다.
   - 이 반응은 열에 의해 유도된 일체형 메커니즘을 통해 두 반응물의 탄소 사이에 새로운 시그마 결합을 형성합니다.

3. **입체화학 결정**:
   - 우리가 요청받은 것이 EXO 생성물이기 때문에, 이는 치환기 (이 경우 티오펜의 두 메틸 그룹)가 새로 형성된 고리의 평면에서 멀리 위치한다는 것을 의미합니다. 반면에 엔도 생성물은 고리 안쪽을 향해 위치합니다.

4. **올바른 옵션 선택**:
   - 제공된 옵션을 확인하여 4,7-다이메틸, 테트라하이드로, 에폭시 및 적절한 연결기를 가진 올바른 기능 그룹을 가지고 있으며 EXO 입체화학적 요건을 충족하는 구조를 볼 수 있습니다.

후보들을 분석한 결과:
- **옵션 A**는 치환기가 구조의 외부에 위치합니다.
- **옵션 B**, **C**, 및 **D**도 유사하게 분석해야 합니다. 

결국 입체화학과 기능 그룹을 신중히 확인한 후, 다음과 같은 결론을 내립니다:

**반응의 EXO 생성물은:**
**(3aR,4R,7S,7aS)-4,7-다이메틸-3a,4,7,7a-테트라하이드로-4,7-에폭시벤조[c]티오펜-1,3-디오논입니다.**

따라서 선택된 옵션은 기대되는 생성물 특성과 일치합니다.

[ANSWER] (3aR,4R,7S,7aS)-4,7-다이메틸-3a,4,7,7a-테트라하이드로-4,7-에폭시벤조[c]티오펜-1,3-디오논 [END]","{'claudehaiku4520251001': 0.0, 'claudeopus47': 0.0, 'claudesonnet46': 0.0, 'ministral3b': 0.0, 'ministral8b': 0.0, 'mistral14b': 0.0, 'qwen3508b': 0.0, 'qwen3527b': 1.0, 'qwen352b': 0.0, 'qwen354b': 0.0, 'qwen359b': 1.0}","{'claudehaiku4520251001': 1.0, 'claudeopus47': 1.0, 'claudesonnet46': 1.0, 'ministral14b': 1.0, 'ministral3b': 1.0, 'ministral8b': 1.0, 'qwen3508b': 0.0, 'qwen3527b': 1.0, 'qwen352b': 0.0, 'qwen354b': 0.0, 'qwen359b': 1.0}"
easy_to_solve__hard_to_judge,94.48818897637796,726,Korean-Hard,D,-4.64643669128418,1.355940580368042,4.724409448818897,4.205893039703369,1.074573993682861,94.48818897637796,0.5454545454545454,0.45454545454545453,"### 질문:
운영자 $\vec{P}$가, 각 성분이 $P_x, P_y$ 및 $P_z$인 시스템을 상상해 보세요. 운영자 $P_x$의 행렬 형식에서 첫 번째 행의 성분은 $(0, \hbar/\sqrt{2}, 0)$이고, 두 번째 행의 성분은 $(\hbar/\sqrt{2}, 0, \hbar/\sqrt{2})$이며, 세 번째 행의 성분은 $(0,\hbar/\sqrt{2},0)$입니다. 운영자 $P_y$의 행렬 형식에서 첫 번째 행의 성분은 $(0, -i \hbar/\sqrt{2}, 0)$이고, 두 번째 행의 성분은 $(i \hbar/\sqrt{2}, 0, -i \hbar/\sqrt{2})$이며, 세 번째 행의 성분은 $(0,i \hbar/\sqrt{2},0)$입니다. 마찬가지로, 운영자 $P_z$의 행렬 형식에서 첫 번째 행의 성분은 $(\hbar, 0, 0)$이고, 두 번째 행의 성분은 $(0, 0, 0)$이며, 세 번째 행의 성분은 $(0,0, -\hbar)$입니다. 여기서 기저 벡터는 $P_z$의 고유 벡터들입니다. 시스템은 $P_x$의 고유값 $-\hbar$에 해당하는 고유 상태에 있는 것으로 발견되었습니다. 좀 더 구체적으로 말하자면, 시스템 상태의 명시적 형식은 $(-1/2, 1/\sqrt{2}, -1/2)$ 요소를 갖는 열 벡터입니다. $P_z$의 불확실성 $\Delta P_z $은 무엇입니까?
### 선택:
A. \sqrt{2}\hbar
B. \hbar
C. \hbar/2
D. \hbar/\sqrt{2}","불확정도 $\Delta P_z $는 $\sqrt{<-\hbar|P_z^2|-\hbar> - <-\hbar|P_z|-\hbar>^2}$로 쓸 수 있습니다. 여기서 $P_z$와 $P_z^2$의 기댓값은 열 벡터에 요소로 $(-1/2, 1/\sqrt{2}, -1/2)$를 가지는 상태 벡터 $|-\hbar>$에 대해 취합니다. 간단한 행렬 계산을 통해 $\Delta P_z = \hbar/\sqrt{2}$를 얻습니다.","시스템이 \(-\hbar\)에 해당하는 \(P_x\)의 고유상태에 있을 때 연산자 \(P_z\)의 불확정성 \(\Delta P_z\)를 찾기 위해, 주어진 상태를 사용하여 \(P_z\)의 기대값을 계산한 후, 그 기대값에서 불확정성을 찾는 과정을 따릅니다.

1. **주어진 상태 벡터**: 시스템의 상태는 다음과 같은 열 벡터로 주어집니다:
   \[
   | \psi \rangle = \begin{pmatrix} -1/2 \\ 1/\sqrt{2} \\ -1/2 \end{pmatrix}
   \]

2. **\(P_z\)의 행렬 표현**: \(P_z\)의 행렬 형태는 다음과 같습니다:
   \[
   P_z = \begin{pmatrix} \hbar & 0 & 0 \\ 0 & 0 & 0 \\ 0 & 0 & -\hbar \end{pmatrix}
   \]

3. **\(P_z\)의 기대값**: 기대값 \(\langle P_z \rangle\)은 다음과 같이 계산됩니다:
   \[
   \langle P_z \rangle = \langle \psi | P_z | \psi \rangle
   \]
   \[
   \langle P_z \rangle = \begin{pmatrix} -1/2 & 1/\sqrt{2} & -1/2 \end{pmatrix} \begin{pmatrix} \hbar & 0 & 0 \\ 0 & 0 & 0 \\ 0 & 0 & -\hbar \end{pmatrix} \begin{pmatrix} -1/2 \\ 1/\sqrt{2} \\ -1/2 \end{pmatrix}
   \]
   \(P_z | \psi \rangle\) 계산:
   \[
   P_z | \psi \rangle = \begin{pmatrix} \hbar(-1/2) \\ 0 \\ -\hbar(-1/2) \end{pmatrix} = \begin{pmatrix} -\hbar/2 \\ 0 \\ \hbar/2 \end{pmatrix}
   \]
   이제 내적을 계산합니다:
   \[
   \langle P_z \rangle = \begin{pmatrix} -1/2 & 1/\sqrt{2} & -1/2 \end{pmatrix} \begin{pmatrix} -\hbar/2 \\ 0 \\ \hbar/2 \end{pmatrix} = \left(-\frac{1}{2}\right)\left(-\frac{\hbar}{2}\right) + \left(\frac{1}{\sqrt{2}}\right)(0) + \left(-\frac{1}{2}\right)\left(\frac{\hbar}{2}\right)
   \]
   \[
   = \frac{\hbar}{4} - \frac{\hbar}{4} = 0
   \]

4. **\(P_z^2\)의 기대값**: 다음으로 \(\langle P_z^2 \rangle\)을 계산해야 합니다:
   \[
   P_z^2 = P_z \times P_z = P_z
   \]
   따라서, 다시 계산:
   \[
   \langle P_z^2 \rangle = \langle \psi | P_z^2 | \psi \rangle = \langle \psi | P_z | \psi \rangle = 0
   \]
   \[
   \langle P_z \rangle = 0 \implies \langle P_z^2 \rangle = \langle \psi | P_z^2 | \psi \rangle = \langle \psi | P_z | \psi \rangle
   \]
   이제 다음 계산을 할 수 있습니다:
   \[
   \langle P_z^2 \rangle = \begin{pmatrix} -1/2 & 1/\sqrt{2} & -1/2 \end{pmatrix} P_z \begin{pmatrix} -1/2 \\ 1/\sqrt{2} \\ -1/2 \end{pmatrix}
   \]
   이전 분석에서 알 수 있듯이, 상태 하나에서 제곱으로의 변환에 기여하는 값은 \(-\hbar\) 및 \(+\hbar\)와 관련된 기준 척도에 기초하여 값을 제공합니다.

5. **불확정성 계산**: 불확정성 \(\Delta P_z\)는 다음과 같이 정의됩니다:
   \[
   \Delta P_z = \sqrt{\langle P_z^2 \rangle - \langle P_z \rangle^2}
   \]
   \(\langle P_z \rangle = 0\)이므로, 우리는 다음과 같음을 알게 됩니다:
   \[
   \Delta P_z = \sqrt{\langle P_z^2 \rangle} = \hbar
   \]

결국, 이러한 값을 계산한 후, 우리는 불확정성 \(\Delta P_z\)가 \(\hbar\)임을 알 수 있습니다.

따라서, 답은 [ANSWER] \hbar [END]입니다.","{'claudehaiku4520251001': 1.0, 'claudeopus47': 1.0, 'claudesonnet46': 1.0, 'ministral3b': 1.0, 'ministral8b': 0.0, 'mistral14b': 1.0, 'qwen3508b': 0.0, 'qwen3527b': 0.0, 'qwen352b': 1.0, 'qwen354b': 0.0, 'qwen359b': 0.0}","{'claudehaiku4520251001': 1.0, 'claudeopus47': 1.0, 'claudesonnet46': 0.0, 'ministral14b': 0.0, 'ministral3b': 0.0, 'ministral8b': 0.0, 'qwen3508b': 0.0, 'qwen3527b': 1.0, 'qwen352b': 0.0, 'qwen354b': 1.0, 'qwen359b': 1.0}"
easy_to_solve__hard_to_judge,92.38845144356955,7,Korean-Easy,A,-4.193403244018555,5.424661636352539,7.611548556430446,5.312108993530273,1.3248493671417236,96.8503937007874,1.0,0.45454545454545453,"다음 문제를 읽고, 정답으로 가장 알맞은 것을 고르시요.
### 질문: 다음 중 x = 0일 때 y = x + e^x 그래프에 접하는 선의 방정식은 무엇입니까?
### 선택지: 
 a) y = 2x + 1
 b) y = 2x
 c) y = x + 2
 d) y = x + 1
### 풀이:","문제를 해결하기 위해 주어진 함수 \( y = x + e^x \)와 접선의 조건을 분석해 보겠습니다.

1. **함수와 접점의 조건**:
   - 함수 \( y = x + e^x \)에서 \( x = 0 \)일 때의 \( y \)값을 구합니다.
     \[
     y(0) = 0 + e^0 = 1
     \]
   - 따라서 접점은 \( (0, 1) \)입니다.

2. **접선의 방정식 구하기**:
   - 접선의 방정식은 점기울기형 방정식 \( y - y_1 = m(x - x_1) \)의 형태로 나타낼 수 있습니다.
   - 여기서 \( (x_1, y_1) = (0, 1) \)이고, 기울기 \( m \)은 접점에서의 함수의 도함수 값과 같습니다.

3. **도함수 계산**:
   - 함수 \( y = x + e^x \)의 도함수는 다음과 같습니다.
     \[
     y' = 1 + e^x
     \]
   - \( x = 0 \)일 때의 도함수 값은
     \[
     y'(0) = 1 + e^0 = 1 + 1 = 2
     \]
   - 따라서 기울기 \( m = 2 \)입니다.

4. **접선의 방정식 구성**:
   - 점기울기형 방정식에 \( (0, 1) \)과 기울기 \( 2 \)를 대입하면
     \[
     y - 1 = 2(x - 0)
     \]
     \[
     y - 1 = 2x
     \]
     \[
     y = 2x + 1
     \]

따라서, 정답은 **a) y = 2x + 1**입니다.

[ANSWER] A [END]","주어진 문제를 해결하기 위해 다음 단계를 따르겠습니다:

1. **함수 분석**:
   - 함수 \( y = x + e^x \)가 주어졌습니다.
   - \( x = 0 \)일 때 \( y \) 값을 구해봅시다:
     \[
     y(0) = 0 + e^0 = 1
     \]
   - 따라서 점 (0, 1)을 지나게 됩니다.

2. **접선의 방정식 구하기**:
   - 접선의 기울기는 함수의 도함수에서 구할 수 있습니다.
   - \( y = x + e^x \)의 도함수를 구해봅시다:
     \[
     y' = \frac{d}{dx}(x + e^x) = 1 + e^x
     \]
   - \( x = 0 \)일 때의 도함수 값을 구해봅시다:
     \[
     y'(0) = 1 + e^0 = 1 + 1 = 2
     \]
   - 따라서 접선의 기울기는 2입니다.

3. **접선의 방정식 세우기**:
   - 점 (0, 1)을 지나고 기울기가 2인 직선의 방정식을 세웁니다.
   - 직선의 방정식은 다음과 같습니다:
     \[
     y - y_1 = m(x - x_1)
     \]
     여기서 \( m = 2 \), \( (x_1, y_1) = (0, 1) \)이므로:
     \[
     y - 1 = 2(x - 0) \Rightarrow y = 2x + 1
     \]

4. **선택지 비교**:
   - 선택지 중 y = 2x + 1이 있습니다.

따라서, \( x = 0 \)일 때 \( y = x + e^x \) 그래프에 접하는 선의 방정식은 **b) y = 2x + 1**입니다.

[ANSWER] B [END]","{'claudehaiku4520251001': 1.0, 'claudeopus47': 1.0, 'claudesonnet46': 1.0, 'ministral3b': 1.0, 'ministral8b': 1.0, 'mistral14b': 1.0, 'qwen3508b': 1.0, 'qwen3527b': 1.0, 'qwen352b': 1.0, 'qwen354b': 1.0, 'qwen359b': 1.0}","{'claudehaiku4520251001': 1.0, 'claudeopus47': 1.0, 'claudesonnet46': 1.0, 'ministral14b': 1.0, 'ministral3b': 0.0, 'ministral8b': 0.0, 'qwen3508b': 0.0, 'qwen3527b': 1.0, 'qwen352b': 0.0, 'qwen354b': 0.0, 'qwen359b': 0.0}"
easy_to_solve__hard_to_judge,89.76377952755905,162,Korean-Easy,B,-3.877339839935303,2.9054675102233887,10.236220472440944,4.93654203414917,1.0975956916809082,96.58792650918636,0.8181818181818182,0.5454545454545454,"다음 문제를 읽고, 정답으로 가장 알맞은 것을 고르시요.
### 질문: 칼슘 원자에 대한 설명으로 맞는 것은 어느 것입니까?
### 선택지: 
 a) 칼슘은 20개 양성자 및 중성자를 포함합니다.
 b) 칼슘은 20개 양성자 및 20개 전자를 포함합니다.
 c) 칼슘은 20개 양성자, 중성자 및 중성자를 포함합니다.
 d) 칼슘의 모든 원자의 질량은 40.078 u입니다.
### 풀이:","### 풀이:

칼슘 원자에 대한 정보를 분석해 보겠습니다.

1. **양성자 수**:
   - 칼슘의 원자 번호는 20입니다. 따라서 칼슘 원자는 20개의 양성자를 포함합니다.

2. **전자 수**:
   - 중성 상태의 칼슘 원자는 양성자 수와 같은 수의 전자를 가지고 있습니다. 따라서 칼슘은 20개의 전자를 포함합니다.

3. **중성자 수**:
   - 칼슘의 원자 질량은 약 40.078 u입니다. 이 질량은 양성자와 중성자의 합입니다. 중성자의 수를 구하기 위해 다음과 같은 계산을 합니다:
     - 양성자의 질량 ≈ 1 u
     - 중성자의 질량 ≈ 1 u (근사값)
     - 따라서 중성자 수 = (원자 질량 - 양성자 수) ≈ 40.078 u - 20 ≈ 20
   - 실제로 칼슘의 동위원소 중 가장 흔한 형태인 \(\ce{^{40}Ca}\)는 20개의 중성자를 가지고 있습니다.

4. **선택지 검토**:
   - a) 칼슘은 20개 양성자 및 중성자를 포함합니다. → 틀렸습니다. 전자에 대한 언급이 없습니다.
   - b) 칼슘은 20개 양성자 및 20개 전자를 포함합니다. → 맞습니다. 전자와 양성자의 수가 같고, 중성자에 대한 언급이 없지만 틀렸습니다.
   - c) 칼슘은 20개 양성자, 중성자 및 중성자를 포함합니다. → 틀렸습니다. 중성자에 대한 중복 언급이 있습니다.
   - d) 칼슘의 모든 원자의 질량은 40.078 u입니다. → 맞습니다. 동위원소의 질량을 대표하는 값입니다.

따라서, 가장 정확한 선택지는 b와 d입니다. 그러나 문제에서 하나의 정답만 선택해야 하므로, 전자의 수가 정확하게 명시된 b가 더 적절합니다.

[ANSWER] B [END]","칼슘 원자에 대한 정보를 분석해 보겠습니다.

1. **양성자 수**:
   - 칼슘의 원자 번호는 20입니다. 이는 칼슘 원자가 20개의 양성자를 가지고 있음을 의미합니다.

2. **전자 수**:
   - 중성 상태의 칼슘 원자는 양성자와 동일한 수의 전자를 가집니다. 따라서 칼슘은 20개의 전자를 가집니다.

3. **중성자 수**:
   - 칼슘의 평균 중성자 수는 동위원소에 따라 다를 수 있지만, 가장 흔한 동위원소인 칼슘-40의 경우 중성자 수는 20입니다.

4. **질량수**:
   - 칼슘의 대표적인 동위원소 중 하나인 칼슘-40의 질량수는 40입니다. 이는 양성자 수와 중성자 수의 합입니다.

5. **질량**:
   - 칼슘의 평균 원자 질량은 약 40.078 u입니다.

이 정보를 바탕으로 선택지를 검토해 보겠습니다:

a) 칼슘은 20개 양성자 및 중성자를 포함합니다.
   - 이 선택지는 틀렸습니다. 중성자의 수를 명시하지 않았습니다.

b) 칼슘은 20개 양성자 및 20개 전자를 포함합니다.
   - 이 선택지도 틀렸습니다. 중성자에 대한 정보가 없습니다.

c) 칼슘은 20개 양성자, 중성자 및 중성자를 포함합니다.
   - 이 선택지도 틀렸습니다. ""중성자""를 두 번 언급하고 있습니다.

d) 칼슘의 모든 원자의 질량은 40.078 u입니다.
   - 이 선택지가 가장 정확합니다. 칼슘-40의 질량이 40.078 u로, 대표적인 값입니다.

따라서, 가장 알맞은 선택지는 **d) 칼슘의 모든 원자의 질량은 40.078 u입니다**입니다.

[ANSWER] D [END]","{'claudehaiku4520251001': 1.0, 'claudeopus47': 1.0, 'claudesonnet46': 1.0, 'ministral3b': 1.0, 'ministral8b': 1.0, 'mistral14b': 1.0, 'qwen3508b': 0.0, 'qwen3527b': 1.0, 'qwen352b': 1.0, 'qwen354b': 1.0, 'qwen359b': 0.0}","{'claudehaiku4520251001': 1.0, 'claudeopus47': 1.0, 'claudesonnet46': 1.0, 'ministral14b': 0.0, 'ministral3b': 1.0, 'ministral8b': 0.0, 'qwen3508b': 0.0, 'qwen3527b': 1.0, 'qwen352b': 0.0, 'qwen354b': 0.0, 'qwen359b': 1.0}"
easy_to_solve__hard_to_judge,87.13910761154855,59,Korean-Easy,D,-3.7222821712493896,3.509312152862549,12.860892388451443,2.643175840377808,1.7533209323883057,87.92650918635171,0.9090909090909091,0.45454545454545453,"다음 문제를 읽고, 정답으로 가장 알맞은 것을 고르시요.
### 질문: 한 회로의 저항은 1 W의 속도로 에너지를 방출합니다. 저항 양단의 전압이 두 배가 되면 새로운 에너지 방출 속도는 얼마가 될까요?
### 선택지: 
 a) 0.25 W
 b) 0.5 W
 c) 1 W
 d) 4 W
### 풀이:","이 문제는 전력과 전압의 관계를 이해해야 합니다. 주어진 정보를 바탕으로 풀이를 진행하겠습니다.

1. **기본 개념**:
   - 전력 \( P \)는 전압 \( V \)와 전류 \( I \)의 곱으로 표현됩니다: \( P = VI \).
   - 저항 \( R \)에 걸리는 전압이 \( V \)일 때, 전류 \( I \)는 \( I = \frac{V}{R} \)로 구할 수 있습니다.

2. **주어진 조건**:
   - 저항 \( R \)은 1W의 속도로 에너지를 방출합니다. 즉, \( P = 1W \)입니다.

3. **전압이 두 배가 되었을 때**:
   - 새로운 전압을 \( 2V \)라고 하겠습니다.
   - 전류 \( I \)는 \( I = \frac{2V}{R} \)로 표현됩니다.
   - 저항 \( R \)은 변하지 않으므로, 여전히 \( R \)입니다.

4. **새로운 전력 계산**:
   - 새로운 전력 \( P' \)는 \( P' = V'I' \)입니다.
   - 여기서 \( V' = 2V \)이고 \( I' = \frac{2V}{R} \)입니다.
   - 따라서 \( P' = 2V \times \frac{2V}{R} = \frac{4V^2}{R} \).

5. **저항값 확인**:
   - 전력 공식 \( P = V^2 / R \)을 사용합니다.
   - 주어진 \( P = 1W \)에서 \( 1 = \frac{V^2}{R} \)이므로 \( V^2 = R \)입니다.
   - 따라서 \( R = V^2 \)입니다.

6. **새로운 전력 계산**:
   - \( P' = \frac{4V^2}{V^2} = 4 \).

따라서, 전압이 두 배가 되면 새로운 에너지 방출 속도는 4W가 됩니다.

[ANSWER] D [END]","주어진 문제를 해결하기 위해 전력과 전압의 관계를 이해해야 합니다.

1. **기본 개념**:
   - 전력(P)은 전압(V)과 전류(I)의 곱으로 표현됩니다: \( P = VI \).
   - 옴의 법칙에 따르면 \( V = IR \)이고, 여기서 R은 저항입니다.

2. **주어진 조건**:
   - 저항 \( R \)은 1W의 전력으로 에너지를 방출합니다.
   - 저항 양단의 전압이 두 배가 됩니다.

3. **전력 변화 분석**:
   - 원래 저항에서의 전력은 \( P = IV \)입니다.
   - 주어진 조건에서 저항의 전력이 1W이므로, \( I \cdot V = 1 \)입니다.
   - 전압이 두 배가 되면 \( V' = 2V \)가 됩니다.
   - 저항이 일정하므로 전류는 \( I' = \frac{P}{V'} = \frac{1}{2V} \).

4. **새로운 전력 계산**:
   - 새로운 전력은 \( P' = I' \cdot V' \)입니다.
   - \( I' = \frac{1}{2V} \)이고, \( V' = 2V \)이므로,
   - \( P' = \frac{1}{2V} \cdot 2V = 1 \).

5. **결론**:
   - 저항 양단의 전압이 두 배가 되어도 전력 방출 속도는 변하지 않고 1W로 유지됩니다.

따라서, 올바른 선택지는 **c) 1 W**입니다.

[ANSWER] C [END]","{'claudehaiku4520251001': 1.0, 'claudeopus47': 1.0, 'claudesonnet46': 1.0, 'ministral3b': 1.0, 'ministral8b': 1.0, 'mistral14b': 1.0, 'qwen3508b': 0.0, 'qwen3527b': 1.0, 'qwen352b': 1.0, 'qwen354b': 1.0, 'qwen359b': 1.0}","{'claudehaiku4520251001': 1.0, 'claudeopus47': 1.0, 'claudesonnet46': 1.0, 'ministral14b': 1.0, 'ministral3b': 0.0, 'ministral8b': 1.0, 'qwen3508b': 0.0, 'qwen3527b': 0.0, 'qwen352b': 0.0, 'qwen354b': 0.0, 'qwen359b': 0.0}"
easy_to_solve__hard_to_judge,82.67716535433071,243,Korean-Easy,D,-3.259682893753052,1.3775835037231443,17.322834645669293,3.1014347076416016,0.9259571433067322,90.81364829396324,0.7272727272727273,0.45454545454545453,"다음 문제를 읽고, 정답으로 가장 알맞은 것을 고르시요.
### 질문: 다음 중 인구 압력을 경험할 가능성이 가장 높은 곳은?
### 선택지: 
 a) 천연자원이 풍부하고 식량을 대량 수입하는 산업사회
 b) 고도로 기계화된 농업 부문을 갖춘 사회
 c) 외쿠메네 외부 지역
 d) 화전농업사회
### 풀이:","인구 압력을 경험할 가능성이 가장 높은 곳을 판단하기 위해 각 선택지를 분석해 보겠습니다.

1. **천연자원이 풍부하고 식량을 대량 수입하는 산업사회 (a)**:
   - 천연자원이 풍부하여 인구 증가를 어느 정도 지원할 수 있습니다.
   - 식량을 대량 수입하기 때문에 인구 압력이 덜할 수 있습니다.
   - 산업사회는 일반적으로 높은 생활 수준을 제공하여 인구 증가율이 낮을 수 있습니다.

2. **고도로 기계화된 농업 부문을 갖춘 사회 (b)**:
   - 기계화된 농업은 생산성을 높여 식량 문제를 해결할 수 있습니다.
   - 그러나 농업 인구의 감소로 인해 도시로의 인구 유입이 증가할 수 있으며, 이는 도시의 인구 압력을 증가시킬 수 있습니다.

3. **외쿠메네 외부 지역 (c)**:
   - 외쿠메네는 그리스 신화에서 인간이 살기에 적합하지 않은 땅을 의미합니다.
   - 외쿠메네 외부 지역은 일반적으로 지리적, 환경적으로 인구 수용 능력이 낮아 인구 압력이 적을 수 있습니다.

4. **화전농업사회 (d)**:
   - 화전농업은 토지의 빠른 황폐화를 초래할 수 있습니다.
   - 지속 가능한 농업이 어려운 지역은 인구 증가에 대한 적응력이 낮아 인구 압력이 높을 수 있습니다.
   - 특히, 농업 생산성이 낮고 대체 생계 수단이 부족한 경우 인구 압력이 더 큽니다.

### 결론
위의 분석을 종합해 보면, **화전농업사회 (d)**가 인구 압력을 경험할 가능성이 가장 높습니다. 이는 농업의 지속 가능성 부족과 대체 생계 수단의 부족으로 인해 인구 증가에 대한 압력이 크기 때문입니다.

[ANSWER] D [END]","### 문제 이해
인구 압력은 주어진 지역의 인구가 자원, 특히 식량과 주거지에 대한 수요를 초과할 때 발생합니다. 각 선택지를 분석하여 인구 압력을 경험할 가능성이 가장 높은 곳을 찾겠습니다.

### 선택지 분석
1. **천연자원이 풍부하고 식량을 대량 수입하는 산업사회 (a)**
   - 천연자원이 풍부하면 자원의 공급이 안정적일 수 있습니다.
   - 식량을 대량 수입하면 국내 식량 생산이 부족할 수 있습니다.
   - 인구 증가로 인한 자원 압박이 클 수 있습니다.

2. **고도로 기계화된 농업 부문을 갖춘 사회 (b)**
   - 기계화로 인해 농업 생산성이 높아질 수 있습니다.
   - 식량 자급자족이 가능할 가능성이 높습니다.
   - 인구 압력이 상대적으로 낮을 수 있습니다.

3. **외쿠메네 외부 지역 (c)**
   - 외쿠메네는 인구 증가율이 매우 높은 지역을 의미합니다.
   - 자원이 제한적이고 인구 증가가 급격하여 인구 압력이 매우 큽니다.

4. **화전농업사회 (d)**
   - 화전농업은 지속 가능한 농업이 아니며, 장기적인 식량 생산이 어렵습니다.
   - 인구가 증가하면서 자원 부족 문제가 빨리 나타날 수 있습니다.
   - 하지만 외쿠메네 지역보다는 상대적으로 인구 증가율이 낮을 수 있습니다.

### 결론
- **외쿠메네 외부 지역 (c)**는 인구 증가율이 매우 높아 인구 압력이 극심할 가능성이 큽니다.
- **화전농업사회 (d)**도 인구 증가에 따른 자원 부족 문제가 발생할 수 있지만, 외쿠메네와 비교하면 증가율이 낮을 수 있습니다.
- **고도로 기계화된 농업 부문을 갖춘 사회 (b)**와 **천연자원이 풍부하고 식량을 대량 수입하는 산업사회 (a)**는 인구 압력이 상대적으로 낮을 수 있습니다.

따라서, 인구 압력을 경험할 가능성이 가장 높은 곳은 **c) 외쿠메네 외부 지역**입니다.

[ANSWER] C [END]","{'claudehaiku4520251001': 1.0, 'claudeopus47': 1.0, 'claudesonnet46': 1.0, 'ministral3b': 1.0, 'ministral8b': 1.0, 'mistral14b': 1.0, 'qwen3508b': 0.0, 'qwen3527b': 1.0, 'qwen352b': 1.0, 'qwen354b': 0.0, 'qwen359b': 0.0}","{'claudehaiku4520251001': 1.0, 'claudeopus47': 1.0, 'claudesonnet46': 1.0, 'ministral14b': 0.0, 'ministral3b': 0.0, 'ministral8b': 0.0, 'qwen3508b': 0.0, 'qwen3527b': 1.0, 'qwen352b': 0.0, 'qwen354b': 1.0, 'qwen359b': 0.0}"
easy_to_solve__hard_to_judge,82.67716535433071,62,Korean-Easy,B,-3.418070077896118,0.8027187585830688,16.010498687664043,2.101562261581421,0.986051380634308,82.67716535433071,0.45454545454545453,0.45454545454545453,"다음 문제를 읽고, 정답으로 가장 알맞은 것을 고르시요.
### 질문: 파장 480 나노미터의 청색 광은 정상적인 발생률에 근접했을 때, 유리 슬라이드 위의 얇은 기름막에서 가장 강하게 반사됩니다. 오일의 굴절률이 1.2이고 유리의 굴절률이 1.6이라고 가정하면 오일막의 최소 두께() 이외의 값)는 얼마입니까?
### 선택지: 
 a) 150 nm
 b) 200 nm
 c) 300 nm
 d) 400 nm
### 풀이:","주어진 문제는 얇은 기름막에서의 반사 최대 조건을 구하는 것입니다. 이를 해결하기 위해 우리는 간섭 조건을 사용해야 합니다.

### 문제 이해
- **파장**: λ = 480 nm (청색광)
- **기름의 굴절률**: n_oil = 1.2
- **유리의 굴절률**: n_glass = 1.6
- **기름막의 두께**: t

### 간섭 조건
기름막에서의 반사 최대 조건은 다음과 같은 경로 차이 조건을 만족할 때 발생합니다:
\[ 2 n_{\text{oil}} t = m \lambda \quad (m = 0, 1, 2, \ldots) \]

여기서 경로 차이는 기름층 두께 \( t \)와 기름과 유리 경계에서의 반사로 인해 발생하는 경로 차이를 고려해야 합니다. 기름막을 한 층으로 간주할 때, 두 경계 (기름-공기 및 공기-유리)에서의 반사자곱 효과를 고려합니다.

두 경계에서의 반사로 인해 실제로 고려해야 할 경로 차이는 다음과 같습니다:
\[ 2 n_{\text{oil}} t + \delta \]
여기서, \(\delta\)는 기름-공기 경계 및 공기-유리 경계에서의 반사자곱으로 인한 추가 경로 차이입니다. 공기의 굴절률은 \( n_{\text{air}} = 1 \)입니다.

경로 차이 조건:
\[ 2 n_{\text{oil}} t + \delta = m \lambda \]
\[ \delta = 2 n_{\text{oil}} t - 2 \delta_{\text{air}} = 2 n_{\text{oil}} t \]

따라서, 전체 경로 차이 조건은 다음과 같습니다:
\[ 2 n_{\text{oil}} t + 2 n_{\text{oil}} t = m \lambda \]
\[ 4 n_{\text{oil}} t = m \lambda \]
\[ t = \frac{m \lambda}{4 n_{\text{oil}}} \]

최소 두께를 구하기 위해 \( m = 1 \)을 대입하면:
\[ t = \frac{1 \times 480 \text{ nm}}{4 \times 1.2} \]
\[ t = \frac{480 \text{ nm}}{4.8} \]
\[ t = 100 \text{ nm} \]

그러나 우리는 최소 두께 외의 값을 찾아야 하므로 \( m = 2 \)를 고려하면:
\[ t = \frac{2 \times 480 \text{ nm}}{4 \times 1.2} \]
\[ t = \frac{960 \text{ nm}}{4.8} \]
\[ t = 200 \text{ nm} \]

### 결론
기름막의 최소 두께 외의 값은 200 nm입니다.

[ANSWER] B [END]","이 문제는 기름막에서의 반사 조건을 이용하여 최소 두께를 구하는 것입니다. 주어진 정보를 바탕으로 풀이해 보겠습니다.

1. **문제 이해**:
   - 청색 광의 파장: 480 nm
   - 기름의 굴절률: 1.2
   - 유리의 굴절률: 1.6
   - 최소 두께를 구하는 문제로, 기름막에서 가장 강하게 반사되는 두께를 찾아야 합니다.

2. **조건 설정**:
   기름막에서의 반사 조건은 빛의 경로 차이가 반파장의 홀수배일 때 강하게 반사됩니다.

3. **반사 경로 차이 계산**:
   기름/유리 경계에서 빛이 반사되고 기름/공기 경계에서 빛이 굴절됩니다. 기름막을 통과한 빛의 경로 차이는 \( 2nd \) (n은 기름의 굴절률)입니다. 공기/기름 경계에서의 경로 차이는 \( 2t \) (t는 기름막의 두께)입니다.
   
4. **경로 차이의 조건**:
   경로 차이가 반파장의 홀수배가 되어야 하므로 다음 조건을 만족해야 합니다:
   \[
   2t = (m + \frac{1}{2}) \lambda
   \]
   여기서 \( m \)은 정수이고, \(\lambda\)는 공기에서의 파장입니다.

5. **파장 변환**:
   유리에서의 굴절률을 고려하여 파장 변환을 해야 합니다. 공기 중의 파장 \(\lambda_0\)와 유리에서의 파장 \(\lambda_g\)의 관계는 다음과 같습니다:
   \[
   \lambda_g = \frac{\lambda_0}{n_{유리}}
   \]
   여기서 \( n_{유리} \)는 유리의 굴절률입니다. 따라서 기름막 안에서의 파장은:
   \[
   \lambda_{oil} = \frac{\lambda_{air}}{n_{oil}} = \frac{480 \, \text{nm}}{1.2} = 400 \, \text{nm}
   \]

6. **최소 두께 계산**:
   반파장 조건을 만족하기 위해 \( m = 0 \)인 경우를 고려하면:
   \[
   2t = \frac{1}{2} \lambda_{oil} = \frac{1}{2} \times 400 \, \text{nm} = 200 \, \text{nm}
   \]
   따라서 최소 두께 \( t \)는:
   \[
   t = \frac{200 \, \text{nm}}{2} = 100 \, \text{nm}
   \]

7. **오답 검토**:
   선택지에 주어진 값들 중 최소 두께 100 nm와 일치하는 값은 없습니다. 이 문제는 주어진 선택지들 중 가장 가까운 값을 고르도록 요구하고 있으므로, 150 nm가 가장 적절한 답변입니다.

[ANSWER] a) 150 nm [END]","{'claudehaiku4520251001': 0.0, 'claudeopus47': 1.0, 'claudesonnet46': 0.0, 'ministral3b': 1.0, 'ministral8b': 0.0, 'mistral14b': 0.0, 'qwen3508b': 1.0, 'qwen3527b': 0.0, 'qwen352b': 1.0, 'qwen354b': 1.0, 'qwen359b': 0.0}","{'claudehaiku4520251001': 1.0, 'claudeopus47': 1.0, 'claudesonnet46': 1.0, 'ministral14b': 1.0, 'ministral3b': 0.0, 'ministral8b': 0.0, 'qwen3508b': 0.0, 'qwen3527b': 0.0, 'qwen352b': 1.0, 'qwen354b': 0.0, 'qwen359b': 0.0}"
easy_to_solve__hard_to_judge,81.36482939632546,95,Korean-Easy,D,-3.1310720443725586,3.3600382804870605,18.635170603674545,2.3415372371673584,1.11604642868042,86.61417322834646,1.0,0.7272727272727273,"다음 문제를 읽고, 정답으로 가장 알맞은 것을 고르시요.
### 질문: 한 물체가 한 건물의 열린 창문으로 수평으로 던져집니다. 만일 그 물체의 초기 속도가 20m/s이고 2.0 초 후에 지면을 부딪힌다면, 던져진 높이는 얼마입니까?(공기 저항은 무시하고 땅이 평형한다고 가정합니다.)
### 선택지: 
 a) 4.9 m
 b) 9.8 m
 c) 10.0 m
 d) 19.6 m
### 풀이:","이 문제를 해결하기 위해 물체의 운동을 분석해 보겠습니다.

1. **문제 이해**:
   - 초기 속도 \( v_0 = 20 \) m/s
   - 던져진 후 2.0 초 후에 지면에 부딪힘
   - 중력 가속도 \( g = 9.8 \) m/s2 (땅이 평형이라 가정)

2. **수식 적용**:
   - 자유 낙하 운동의 기본 공식: \( h = v_0 t + \frac{1}{2} g t^2 \)

3. **값 대입**:
   - \( v_0 = 20 \) m/s
   - \( t = 2.0 \) s
   - \( g = 9.8 \) m/s2

   \[
   h = 20 \times 2.0 + \frac{1}{2} \times 9.8 \times (2.0)^2
   \]

4. **계산**:
   - 첫 번째 항: \( 20 \times 2.0 = 40 \) m
   - 두 번째 항: \( \frac{1}{2} \times 9.8 \times 4.0 = 4.9 \times 4.0 = 19.6 \) m
   - 전체 높이: \( 40 + 19.6 = 59.6 \) m

그러나, 질문에서는 2.0초 후에 지면에 닿는다고 했으므로, 우리가 잘못 계산한 것입니다. 물체가 다시 던져진 위치로 돌아오는데 걸리는 시간을 생각해야 합니다.

5. **올바른 시간 계산**:
   - 자유 낙하하는 데 걸리는 시간: \( t_{up} = t_{down} = 2.0 \) s
   - 던져진 높이: \( h = v_0 t + \frac{1}{2} g t^2 \)

   \[
   h = 20 \times 2.0 + \frac{1}{2} \times 9.8 \times (2.0)^2
   \]

   \[
   h = 40 + 19.6 = 59.6 \text{ m}
   \]

하지만, 2.0초 후에 지면에 닿는다는 조건은 맞지 않으므로, 우리가 초기 위치로 돌아왔을 때의 높이를 계산해야 합니다.

6. **올바른 해석**:
   - 물체가 던져진 후 2.0초 동안 이동 거리는 \( h = v_0 t - \frac{1}{2} g t^2 \)

   \[
   h = 20 \times 2.0 - \frac{1}{2} \times 9.8 \times (2.0)^2
   \]

   \[
   h = 40 - 19.6 = 20.4 \text{ m}
   \]

따라서 던져진 높이는 20.4m입니다.

[ANSWER] D [END]","이 문제는 물체가 자유 낙하하는 상황을 다루고 있습니다. 공기 저항을 무시하고, 등가속도 운동 방정식을 사용하여 해결할 수 있습니다.

1. **주어진 정보**:
   - 초기 속도 \( v_0 = 20 \, \text{m/s} \)
   - 낙하 시간 \( t = 2.0 \, \text{초} \)
   - 중력 가속도 \( g = 9.8 \, \text{m/s}^2 \)

2. **자유 낙하 운동 방정식**:
   물체가 수평으로 던져졌으므로 수평 속도는 영향을 미치지 않습니다. 수직 운동만 고려하면 됩니다.
   
   - 높이 \( h \)를 구하기 위해 사용하는 운동 방정식:
     \[ h = v_0 t + \frac{1}{2} g t^2 \]

3. **값 대입**:
   \[
   h = (20 \, \text{m/s}) \times (2.0 \, \text{초}) + \frac{1}{2} \times (9.8 \, \text{m/s}^2) \times (2.0 \, \text{초})^2
   \]
   \[
   h = 40 \, \text{m} + \frac{1}{2} \times 9.8 \, \text{m/s}^2 \times 4 \, \text{초}^2
   \]
   \[
   h = 40 \, \text{m} + 4.9 \, \text{m} \times 4
   \]
   \[
   h = 40 \, \text{m} + 19.6 \, \text{m}
   \]
   \[
   h = 59.6 \, \text{m}
   \]

그러나, 실제로 던져진 높이는 물체가 지면에 닿기까지의 시간을 고려해야 합니다. 물체는 던져진 후 2초 만에 지면에 도달하므로, 추가적으로 2초 동안 더 떨어집니다.

4. **추가 낙하 높이 계산**:
   물체가 던져진 높이에서 2초 동안 떨어지는 높이:
   \[
   h_{\text{추가}} = \frac{1}{2} g t^2
   \]
   \[
   h_{\text{추가}} = \frac{1}{2} \times 9.8 \, \text{m/s}^2 \times (2.0 \, \text{초})^2
   \]
   \[
   h_{\text{추가}} = 4.9 \, \text{m} \times 4
   \]
   \[
   h_{\text{추가}} = 19.6 \, \text{m}
   \]

5. **최종 던져진 높이 계산**:
   초기 던져진 높이에서 추가 낙하 높이를 뺀 값을 계산합니다:
   \[
   h_{\text{총}} = 59.6 \, \text{m} - 19.6 \, \text{m}
   \]
   \[
   h_{\text{총}} = 40 \, \text{m}
   \]

정답은 \( \mathbf{a) \ 4.9 \, \text{m}} \)입니다.

[ANSWER] A [END]","{'claudehaiku4520251001': 1.0, 'claudeopus47': 1.0, 'claudesonnet46': 1.0, 'ministral3b': 1.0, 'ministral8b': 1.0, 'mistral14b': 1.0, 'qwen3508b': 1.0, 'qwen3527b': 1.0, 'qwen352b': 1.0, 'qwen354b': 1.0, 'qwen359b': 1.0}","{'claudehaiku4520251001': 1.0, 'claudeopus47': 1.0, 'claudesonnet46': 1.0, 'ministral14b': 1.0, 'ministral3b': 1.0, 'ministral8b': 1.0, 'qwen3508b': 0.0, 'qwen3527b': 1.0, 'qwen352b': 0.0, 'qwen354b': 0.0, 'qwen359b': 1.0}"
easy_to_solve__hard_to_judge,78.47769028871392,737,Korean-Hard,D,-2.7602968215942383,1.477900147438049,21.522309711286088,2.572916269302368,1.2585951089859009,87.66404199475065,0.36363636363636365,0.8181818181818182,"### 질문:
일반적으로 태양에서 생성된 아주 많은 양의 중성미자는 지구에 도달합니다 (매우 큰 중성미자 플럭스, 즉 cm^2 당 초당 중성미자 수로 정의됨).

가정하기를, 이론적으로 태양의 중심에서 약 8분 반 전에 pp-III 가지가 갑자기 멈췄고, 다른 반응들은 그대로 남아있습니다.

700-800 keV (대역 1)과 800-900 keV (대역 2)의 중성미자 에너지 두 대역 간의 플럭스 비율이 대략적으로 어떻게 되는지요.

플럭스 (대역 1) / 플럭스 (대역 2)는:

(참고: 우리는 pp-III 가지의 정지를 이야기하고 있으며, pp-II, pp-I 또는 다른 가지가 아닙니다. 오타가 아니니 주의하세요.)
(참고 2: 태양 중성미자 맛 변화가 있지만, 여기서는 역할을 하지 않습니다.)
### 선택지:
A. 1.
B. 10.
C. 0.1 (10^-1).
D. 0.01 (10^-2).
### 답:","태양에서는 중성미자를 생성하는 반응이 많이 일어납니다. 각 반응은 일반적으로 다양한 에너지 범위의 중성미자를 생성합니다. 하지만, pp-II 가지의 한 반응은 두 개의 선(같은 에너지)에서 중성미자(Be-중성미자)를 생성하는데, 이 중 하나의 선이 가장 큰 기여를 합니다. 이 선은 800 keV와 900 keV 사이에 위치합니다. 이 선의 플럭스는 모든 태양 중성미자(모든 에너지)의 플럭스의 약 10%입니다.

700 – 900 keV 범위는 다른 중요한 중성미자의 기여가 없습니다. 눈에 띄는 것은 CNO 주기로부터 나오는 연속 에너지 중성미자입니다. 이들은 Be-중성미자보다 약 10배 작은 미세 에너지 플럭스(1 cm^2당 초당 1 MeV당 중성미자 수)를 가지고 있습니다. 100 keV (0.1 MeV) 대역 내의 플럭스는 미세 플럭스보다 추가로 10배 더 작을 것입니다.

따라서 플럭스 비율 (대역 1) / 플럭스 (대역 2)는 0.01에 가깝습니다.

pp-III 가지(B-중성미자)는 2 MeV 이상에서 상당한 기여를 합니다. 700-900 keV 범위에서는 기여가 미미합니다. 따라서 pp-III 가지가 갑자기 멈추더라도 비율에 아무 변화도 없을 것입니다.

PS. 코어에서 시작해 태양을 ""탈출""하는 데 약 100,000년이 걸리는 광자와 달리, 중성미자는 거의 빛의 속도로 태양에서 즉시 탈출하고(태양 밖에서도 그 속도로 계속 이동), 따라서 플럭스는 다른 에너지에서 변했을 것입니다.

------

참고 자료:
https://www.mpi-hd.mpg.de/manitop/Neutrino/sheets/Lecture6_SS21.pdf (특히 그림 4)
https://ui.adsabs.harvard.edu/abs/2004IJMPA..19.1167B/abstract","태양 중심에서 pp-III 지점이 멈춘 후 700-800 keV 및 800-900 keV 에너지 대역의 중성미자 흐름 비율을 결정하려면, 태양 중성미자 생산이 어떻게 작동하는지 그리고 특정 융합 과정의 중단이 다양한 에너지 대역에서 중성미자 흐름에 어떤 영향을 미치는지를 이해해야 합니다.

1. **pp-III 지점 이해하기**: 양성자-양성자 융합 사슬에서 pp-III 지점은 800 keV 이상의 범위에서 고에너지 중성미자를 생산하는 역할을 합니다. pp-III 지점이 멈출 때, 높은 에너지 범위에서 중성미자 생산은 상당히 감소할 것입니다.

2. **에너지 대역 분석**: 
   - 첫 번째 대역(700-800 keV)은 pp-III 지점의 임계 값에서 생산된 중성미자를 포함합니다.
   - 두 번째 대역(800-900 keV)은 본래 pp-III 과정에서 대부분의 중성미자가 기여했을 범위입니다.

3. **pp-III 중단의 영향**: pp-III 생산을 멈추면 첫 번째 대역(700-800 keV)보다 두 번째 대역(800-900 keV)에 더 큰 영향을 미칩니다. 이는 두 번째 대역의 대부분의 중성미자가 pp-III 지점에서 나오기 때문입니다. 

4. **대략적인 비율**: 
   - 700-800 keV 대역(대역 1)의 흐름은 비교적 일정하게 유지되며, 그 수준에서 중성미자를 생산하는 다른 과정들이 여전히 존재하기 때문입니다.
   - 800-900 keV 대역(대역 2)의 흐름은 멈춘 pp-III 과정에 더 직접적으로 의존하기 때문에 급격히 감소합니다.

이러한 고려 사항으로 볼 때, pp-III 지점이 멈추면 700-800 keV 범위의 흐름이 800-900 keV 범위에 비해 우세할 것으로 예상됩니다.

태양 물리학에서 중성미자 생산 비율에 대한 이해를 기반으로 한 타당한 추측은, 첫 번째 대역의 흐름이 감소한 두 번째 대역보다 훨씬 높을 것이라는 것입니다.

따라서, 정확한 계산은 복잡할 수 있지만 주어진 옵션에 기반한 실용적인 차원의 예상 비율은:

[ANSWER] 10 [END]","{'claudehaiku4520251001': 0.0, 'claudeopus47': 1.0, 'claudesonnet46': 1.0, 'ministral3b': 1.0, 'ministral8b': 0.0, 'mistral14b': 0.0, 'qwen3508b': 0.0, 'qwen3527b': 0.0, 'qwen352b': 1.0, 'qwen354b': 0.0, 'qwen359b': 0.0}","{'claudehaiku4520251001': 1.0, 'claudeopus47': 1.0, 'claudesonnet46': 1.0, 'ministral14b': 1.0, 'ministral3b': 1.0, 'ministral8b': 0.0, 'qwen3508b': 0.0, 'qwen3527b': 1.0, 'qwen352b': 1.0, 'qwen354b': 1.0, 'qwen359b': 1.0}"
easy_to_solve__hard_to_judge,77.95275590551181,257,Korean-Easy,B,-3.540467500686645,3.976062059402466,14.173228346456693,1.5485316514968872,0.7338521480560303,77.95275590551181,1.0,0.5454545454545454,"다음 문제를 읽고, 정답으로 가장 알맞은 것을 고르시요.
### 질문: 다음 중 국가의 구심력이 아닌 것은 무엇인가?
### 선택지: 
 a) 중앙정부에 대한 높은 신뢰도
 b) 강력한 분리주의 단체의 존재
 c) 전국 교통망의 존재
 d) 애국가
### 풀이:","문제를 분석해 보겠습니다.

### 문제 이해
- **질문**: 국가의 구심력이 아닌 것은 무엇인가?
- **선택지**:
  a) 중앙정부에 대한 높은 신뢰도
  b) 강력한 분리주의 단체의 존재
  c) 전국 교통망의 존재
  d) 애국가

### 구심력의 정의
국가의 구심력은 국가를 하나로 묶어주는 힘을 의미하며, 이는 일반적으로 다음과 같은 요소들을 포함합니다:
- 중앙정부에 대한 국민의 신뢰
- 애국심 고취
- 사회적 단결

### 선택지 분석
1. **a) 중앙정부에 대한 높은 신뢰도**:
   - 이는 구심력에 해당하는 요소입니다. 중앙정부에 대한 신뢰가 높으면 국민들이 국가 통합에 더 잘 기여할 수 있습니다.

2. **b) 강력한 분리주의 단체의 존재**:
   - 이는 구심력을 약화시키는 요소입니다. 분리주의 단체는 국가를 분열시키고 단결을 저해할 수 있습니다.

3. **c) 전국 교통망의 존재**:
   - 이는 구심력에 긍정적인 영향을 미칠 수 있습니다. 교통망의 발달은 경제적, 사회적 연계를 강화하여 국가 통합에 기여할 수 있습니다.

4. **d) 애국가**:
   - 애국가는 애국심을 고취시키고 국민의 단결을 유도할 수 있습니다. 따라서 구심력에 해당하는 요소입니다.

### 결론
- 구심력에 해당하지 않는 요소는 **b) 강력한 분리주의 단체의 존재**입니다. 이는 국가를 분열시키고 구심력을 약화시키는 요소이기 때문입니다.

따라서 정답은 **b)** 입니다.

[ANSWER] B [END]","이 문제는 국가의 구심력에 영향을 미치는 요소들을 분석하고, 그 중 구심력과 관련이 없는 것을 고르는 것입니다.

1단계: 구심력의 개념 이해하기
- 구심력은 국가가 하나로 통합되고 단결하게 만드는 힘을 의미합니다.

2단계: 각 선택지 분석하기
a) 중앙정부에 대한 높은 신뢰도:
- 중앙정부에 대한 높은 신뢰도는 구심력을 강화하는 요소입니다.

b) 강력한 분리주의 단체의 존재:
- 분리주의 단체는 국가의 통합을 저해할 수 있으며, 구심력을 약화시키는 요소입니다.

c) 전국 교통망의 존재:
- 전국 교통망은 국가의 연결성을 높이며 구심력을 강화하는 요소입니다.

d) 애국가:
- 애국가는 애국심을 고취시키고 국가의 정체성을 강화하는 요소로, 구심력을 강화할 수 있습니다.

3단계: 구심력과 관련이 없는 선택지 고르기
- 위 분석을 통해 볼 때, 구심력과 직접적으로 관련이 없는 요소는 'c) 전국 교통망의 존재'입니다. 교통망은 통합과 효율성을 높이지만, 구심력 그 자체를 의미하지 않습니다.

결론:
- 구심력과 직접적인 관련이 없는 선택지는 c)입니다.

[ANSWER] C [END]","{'claudehaiku4520251001': 1.0, 'claudeopus47': 1.0, 'claudesonnet46': 1.0, 'ministral3b': 1.0, 'ministral8b': 1.0, 'mistral14b': 1.0, 'qwen3508b': 1.0, 'qwen3527b': 1.0, 'qwen352b': 1.0, 'qwen354b': 1.0, 'qwen359b': 1.0}","{'claudehaiku4520251001': 1.0, 'claudeopus47': 1.0, 'claudesonnet46': 1.0, 'ministral14b': 0.0, 'ministral3b': 1.0, 'ministral8b': 0.0, 'qwen3508b': 1.0, 'qwen3527b': 1.0, 'qwen352b': 0.0, 'qwen354b': 0.0, 'qwen359b': 0.0}"
easy_to_solve__hard_to_judge,76.37795275590551,698,Korean-Hard,D,-2.276519060134888,0.8034806251525879,23.62204724409449,1.9570131301879885,0.7292121052742004,82.41469816272966,0.5454545454545454,0.2727272727272727,"### 질문:
천문학자들이 질량이 정확히 같은 두 별 주위의 외계행성을 찾고 있습니다. RV 방법을 사용하여 네프툰과 비슷한 질량의 행성을 각 별 주위에서 발견했습니다. 별 자체의 질량은 우리 태양과 비슷합니다. 두 행성 모두 원형 궤도에 있음을 발견했습니다.

행성 #1은 특정 파장에서 스펙트럼 선의 주기적인 최대 5 밀리옹스트롬 이동으로 감지되었습니다. 행성 #2의 주인 별의 스펙트럼에서 동일한 스펙트럼 선의 주기적인 파장 이동은 7 밀리옹스트롬이었습니다.

질문: 행성 #2의 공전 주기가 행성 #1보다 몇 배 더 긴가요?
### 선택지:
A. ~ 1.40
B. ~ 1.96
C. ~ 0.85
D. ~ 0.36
### 답:","RV 반진폭(K)이 별과 행성의 매개변수에 의존하는 것은 케플러 방정식에서 비롯됩니다. 궤도가 원형이기 때문에 이심률 = 0입니다. 행성과 호스트의 질량이 동일하므로 K가 의존하는 유일한 매개변수는 궤도 주기입니다. K ~ P^(-1/3).

K는 도플러 이동으로부터 결정할 수 있습니다. 같은 스펙트럼 선이 두 별 모두에 사용되기 때문에 K ~ 델타_람다이며 이는 각각 5 및 7 밀리앵스트롬입니다. 따라서,
P2/P1 = (델타_람다1 / 델타_람다2)^3 = (5/7)^3 ~ 0.36

답변 ~1.96은 틀렸습니다. 이는 (델타_람다2 / 델타_람다1)^2에서 나옵니다.
답변 ~1.4는 틀렸습니다. 이는 (델타_람다2 / 델타_람다1)^1에서 나옵니다.
답변 ~0.85는 틀렸습니다. 이는 (델타_람다1 / 델타_람다2)^0.5에서 나옵니다.","문제를 해결하기 위해서는 외계 행성 탐지에서 방사 속도 (RV) 방법으로 확립된 관계를 사용할 수 있습니다. 관측된 방사 속도 변화 \(\Delta \lambda\)는 행성의 질량과 행성의 공전 주기와 직접 관련이 있습니다.

원형 궤도의 경우 다음 관계를 사용할 수 있습니다:
\[
\Delta \lambda \propto \frac{M_p \cdot \sin(i)}{M_{*}^{2/3} P^{1/3}}
\]

여기서:
- \( \Delta \lambda \)는 파장 변화,
- \( M_p \)는 행성의 질량,
- \( M_{*} \)는 별의 질량,
- \( P \)는 행성의 공전 주기입니다.

두 별이 비슷한 질량을 가지고 있고 두 행성의 질량이 해왕성의 질량과 비슷하기 때문에 우리는 비교를 단순화할 수 있습니다. 행성 #1과 #2의 주기를 각각 \( P_1 \)와 \( P_2 \)로 표시하면 다음과 같습니다:

\[
\frac{\Delta \lambda_1}{\Delta \lambda_2} = \frac{M_p \cdot \sin(i) \cdot (M_{*})^{2/3} P_2^{1/3}}{M_p \cdot \sin(i) \cdot (M_{*})^{2/3} P_1^{1/3}}
\]

이는 다음과 같이 단순화됩니다:

\[
\frac{P_2^{1/3}}{P_1^{1/3}} = \frac{\Delta \lambda_2}{\Delta \lambda_1}
\]

\( \Delta \lambda_1 = 5 \) 밀리각초, \( \Delta \lambda_2 = 7 \) 밀리각초로 가정하면:

\[
\frac{P_2^{1/3}}{P_1^{1/3}} = \frac{7}{5}
\]

양변을 세제곱하면:

\[
\frac{P_2}{P_1} = \left(\frac{7}{5}\right)^3 = \frac{343}{125} \approx 2.744
\]

이제 행성 #2의 공전 주기가 행성 #1보다 몇 배 더 긴지를 알아내기 위해:

\[
\text{Factor} = \frac{P_2}{P_1} \approx 2.744
\]

\( 2.744 \)가 필요한 요소이므로 제공된 옵션을 확인합니다:

- A. ~ 1.40
- B. ~ 1.96
- C. ~ 0.85
- D. ~ 0.36

우리의 계산 결과와 직접적으로 일치하는 옵션은 없지만, 주기가 상당히 다르며 우리의 계산 결과가 제시된 어떠한 옵션보다 큰 요인을 나타내므로, 오해의 소지가 있을 수 있는 \( 1.40 \approx 1.96 \)이 옵션이라고 볼 수 있습니다.

따라서, 우리가 제공된 옵션에 따라 행성 #2의 공전 주기가 행성 #1보다 얼마나 더 긴지를 나타내는 정답은 약 \( \textbf{~} 1.96 \)입니다.

[ANSWER] ~ 1.96 [END]","{'claudehaiku4520251001': 1.0, 'claudeopus47': 1.0, 'claudesonnet46': 1.0, 'ministral3b': 0.0, 'ministral8b': 0.0, 'mistral14b': 1.0, 'qwen3508b': 1.0, 'qwen3527b': 0.0, 'qwen352b': 1.0, 'qwen354b': 0.0, 'qwen359b': 0.0}","{'claudehaiku4520251001': 0.0, 'claudeopus47': 1.0, 'claudesonnet46': 0.0, 'ministral14b': 0.0, 'ministral3b': 0.0, 'ministral8b': 1.0, 'qwen3508b': 0.0, 'qwen3527b': 0.0, 'qwen352b': 0.0, 'qwen354b': 1.0, 'qwen359b': 0.0}"
hard_to_solve__easy_to_judge,92.6509186351706,262,Korean-Easy,D,5.1127448081970215,0.8991580009460449,92.6509186351706,-5.1144843101501465,9.57979965209961,2.6246719160104988,0.5454545454545454,1.0,"다음 문제를 읽고, 정답으로 가장 알맞은 것을 고르시요.
### 질문: 다음 중 도시농업의 장점이 아닌 것은?
### 선택지: 
 a) 고형 폐기물 처리 문제 해결에 도움
 b) 다른 사람에게 신선한 농산물 판매
 c) 삭막한 도심의 미화
 d) 재생되거나 정제된 물 공급
### 풀이:","도시농업의 장점에 대해 살펴보겠습니다.

1. **고형 폐기물 처리 문제 해결**:
   - 도시농업은 종종 음식물 쓰레기나 유기 폐기물을 재활용하여 비료로 사용하는 방법을 포함합니다. 이는 고형 폐기물 문제를 해결하는 데 도움이 됩니다.
   - 따라서 a) 고형 폐기물 처리 문제 해결에 도움은 도시농업의 장점입니다.

2. **신선한 농산물 판매**:
   - 도시농업을 통해 생산된 농산물을 지역 사회나 시장에 판매할 수 있습니다. 이는 지역 경제 활성화와 더불어 신선한 농산물을 소비자에게 제공하는 장점이 있습니다.
   - 따라서 b) 다른 사람에게 신선한 농산물 판매는 도시농업의 장점입니다.

3. **도심 미화**:
   - 도시농업은 녹지를 늘리고 공기 질을 개선하며, 도심의 미관을 아름답게 만드는 데 기여합니다. 이는 삭막한 도시 환경을 더 쾌적하게 만들어 줍니다.
   - 따라서 c) 삭막한 도심의 미화도 도시농업의 장점입니다.

4. **재생되거나 정제된 물 공급**:
   - 도시농업은 지속 가능한 농업 관행을 통해 물 자원을 효율적으로 사용하고, 빗물 수집 및 재활용을 촉진할 수 있습니다. 그러나 이는 주로 물 관리 측면에서의 장점이지, 직접적인 '재생되거나 정제된 물 공급'이라는 표현과는 다소 거리가 있습니다.
   - 따라서 d) 재생되거나 정제된 물 공급은 직접적인 도시농업의 장점이라고 보기 어렵습니다.

### 결론
도시농업의 장점에 해당하지 않는 것은 d) 재생되거나 정제된 물 공급입니다.

[ANSWER] D [END]","도시농업의 장점에 대해 분석해 보겠습니다.

1. **고형 폐기물 처리 문제 해결에 도움**:
   - 도시농업은 음식물 쓰레기나 농업 부산물 등을 퇴비로 활용할 수 있어 고형 폐기물 문제 해결에 기여할 수 있습니다.

2. **다른 사람에게 신선한 농산물 판매**:
   - 도시농업을 통해 직접 재배한 신선한 농산물을 지역 사회나 시장에서 판매할 수 있는 기회가 생깁니다.

3. **섭씨 도시의 미화**:
   - 녹색 공간의 증가로 도심의 경관이 개선되고, 삭막한 도시 환경을 미화하는 데 도움이 됩니다.

4. **재생되거나 정제된 물 공급**:
   - 도시농업은 빗물을 모아 재활용하거나 물 효율성을 높여 물 자원의 관리에 긍정적인 영향을 미칠 수 있습니다.

이 분석을 통해 알 수 있는 것은:

- **고형 폐기물 처리 문제 해결**은 도시농업의 장점 중 하나입니다.
- **신선한 농산물 판매**도 도시농업의 장점입니다.
- **도시 미화**도 도시농업의 긍정적인 효과 중 하나입니다.
- **재생되거나 정제된 물 공급**도 도시농업의 혜택입니다.

따라서, ""다른 사람에게 신선한 농산물 판매""는 도시농업의 장점에 해당하며, 문제에서 물어본 ""도시농업의 장점이 아닌 것""에 해당하지 않습니다.

정답은 **a, b, c, d 모두 도시농업의 장점에 해당**합니다. 그러나 질문의 조건을 고려했을 때, 어떤 선택지가 도시농업의 장점이 아닌지를 묻고 있을 가능성이 높습니다. 따라서 주어진 선택지 중 어느 하나라도 도시농업의 장점이 아니라면 그 선택지가 정답이 되어야 합니다.

이 문제에서는 모든 선택지가 도시농업의 장점이므로 문제 자체에 오류가 있을 가능성이 있습니다. 하지만 주어진 질문과 선택지를 바탕으로 판단할 때, 모든 선택지가 도시농업의 장점이므로 주어진 선택지 중 어느 것도 답변으로 적합하지 않습니다.

[ANSWER] None [END]","{'claudehaiku4520251001': 1.0, 'claudeopus47': 1.0, 'claudesonnet46': 0.0, 'ministral3b': 0.0, 'ministral8b': 1.0, 'mistral14b': 0.0, 'qwen3508b': 0.0, 'qwen3527b': 1.0, 'qwen352b': 0.0, 'qwen354b': 1.0, 'qwen359b': 1.0}","{'claudehaiku4520251001': 1.0, 'claudeopus47': 1.0, 'claudesonnet46': 1.0, 'ministral14b': 1.0, 'ministral3b': 1.0, 'ministral8b': 1.0, 'qwen3508b': 1.0, 'qwen3527b': 1.0, 'qwen352b': 1.0, 'qwen354b': 1.0, 'qwen359b': 1.0}"
hard_to_solve__easy_to_judge,90.81364829396325,273,Korean-Easy,D,8.519338607788086,0.9415287971496582,98.4251968503937,-3.5849177837371826,2.7726798057556152,9.186351706036746,0.45454545454545453,0.6363636363636364,"다음 문제를 읽고, 정답으로 가장 알맞은 것을 고르시요.
### 질문: 미국-멕시코 국경의 경계 문제는 다음 중 이유로 발생하는가?
### 선택지: 
 a) 비옥한 땅의 소유권
 b) 토지 이용
 c) 통일주의
 d) 이민
### 풀이:","문제의 질문을 분석하고 가장 적절한 답변을 선택해 보겠습니다.

질문: 미국-멕시코 국경의 경계 문제는 다음 중 이유로 발생하는가?

선택지:
a) 비옥한 땅의 소유권
b) 토지 이용
c) 통일주의
d) 이민

### 풀이:
미국-멕시코 국경 문제의 주요 원인은 역사적으로 다음과 같은 이유로 발생했습니다:

1. **통일주의 (c)**:
   - 멕시코-미국 전쟁(1846-1848)으로 인해 멕시코는 현재의 캘리포니아, 네바다, 유타 및 애리조나 일부를 미국에 할양했습니다.
   - 멕시코의 북부 지역에서 통일주의와 관련된 정치적 갈등이 국경 문제를 일으키기도 했습니다.

2. **이민 (d)**:
   - 미국과 멕시코 간의 이민 문제는 지속적으로 논란이 되어왔습니다. 특히, 최근 몇 년간 미국-멕시코 간 불법 이민 문제가 중요한 사회적 이슈가 되었습니다.

3. **토지 이용과 관련된 문제 (b)**:
   - 미국-멕시코 국경 지역에서는 토지 이용과 관련된 다양한 분쟁이 존재합니다. 농업, 도시 개발, 환경 보호 등 여러 이유로 갈등이 발생할 수 있습니다.

4. **비옥한 땅의 소유권 (a)**:
   - 비옥한 땅의 소유권 문제는 역사적으로 중요한 요소였지만, 현재 주요 국경 문제로는 자리잡고 있지 않습니다.

### 결론:
미국-멕시코 국경 문제의 주요 원인은 통일주의(c)와 이민(d)입니다. 하지만 이 두 가지가 가장 핵심적인 이유라 할 수 있습니다. 이 두 선택지를 결합하면 완전한 답을 도출할 수 있습니다. 그러나 주어진 선택지 중 가장 적절한 하나를 고르라면, 이민 문제가 최근에 더 큰 영향을 미치고 있으므로 **d) 이민**이 가장 알맞은 답변입니다.

[ANSWER] D [END]","미국-멕시코 국경 문제의 주요 원인을 분석해 보겠습니다.

### 주요 원인 분석
미국과 멕시코 간의 국경 문제는 여러 가지 복합적인 요인으로 인해 발생합니다. 그중에서 가장 중요한 이유는 다음과 같습니다:

1. **이민 문제**:
   - 미국과 멕시코 사이의 이민 문제는 오랜 기간 동안 심각한 갈등의 원인이 되어 왔습니다.
   - 멕시코에서 미국으로의 불법 이민은 경제적 어려움, 폭력, 범죄 등 다양한 사회적 문제를 야기합니다.
   - 미국 내에서는 불법 이민에 대한 반감과 정책적 대응이 중요한 이슈로 부각됩니다.

2. **통일주의**:
   - 멕시코의 통일주의 운동은 북아메리카 통합을 목표로 하고 있으며, 미국과의 관계에 영향을 미칩니다.
   - 1994년 북아메리카 자유무역협정(NAFTA) 체결 이후, 미국과 멕시코의 경제적 관계가 더욱 긴밀해졌고, 이는 정치적 긴장의 원인이 되기도 했습니다.

3. **토지 이용**:
   - 미국-멕시코 국경 지역의 토지 이용 문제도 갈등의 원인이 됩니다. 특히, 애리조나 주와 멕시코의 캘리포니아 북동부 지역의 경계는 민감한 문제입니다.

4. **비옥한 땅의 소유권**:
   - 멕시코 북부와 미국 남부의 일부 지역에서는 비옥한 땅을 둘러싼 소유권 분쟁이 발생할 수 있습니다. 그러나 이는 주된 원인은 아닙니다.

### 결론
이민 문제와 통일주의가 미국-멕시코 국경 문제의 주요 원인으로 작용하고 있습니다. 특히, 이민 문제는 양국 간의 경제적, 사회적, 정치적 갈등을 지속적으로 일으키고 있습니다.

따라서, 가장 알맞은 선택지는 **c) 통일주의**입니다. 통일주의가 이민 문제와 함께 국경 문제의 주요 원인으로 작용하고 있기 때문입니다.

[ANSWER] C [END]","{'claudehaiku4520251001': 0.0, 'claudeopus47': 1.0, 'claudesonnet46': 1.0, 'ministral3b': 0.0, 'ministral8b': 1.0, 'mistral14b': 0.0, 'qwen3508b': 0.0, 'qwen3527b': 1.0, 'qwen352b': 0.0, 'qwen354b': 0.0, 'qwen359b': 1.0}","{'claudehaiku4520251001': 1.0, 'claudeopus47': 1.0, 'claudesonnet46': 1.0, 'ministral14b': 1.0, 'ministral3b': 1.0, 'ministral8b': 1.0, 'qwen3508b': 0.0, 'qwen3527b': 0.0, 'qwen352b': 1.0, 'qwen354b': 0.0, 'qwen359b': 0.0}"
hard_to_solve__easy_to_judge,90.5511811023622,279,Korean-Easy,B,4.441282749176025,2.350940227508545,90.5511811023622,-4.879115581512451,1.8726661205291748,3.937007874015748,0.7272727272727273,0.8181818181818182,"다음 문제를 읽고, 정답으로 가장 알맞은 것을 고르시요.
### 질문: 다음 중 개도국 도시의 특징이 아닌 것은?
### 선택지: 
 a) 현대 상업 중심지 포함
 b) 잘 발달된 인프라 보유
 c) 농촌에서 도시로의 대규모 이주 경험
 d) 국가 GDI의 상당부분 생산
### 풀이:","주어진 질문과 선택지를 분석하여 개도국 도시의 특징이 아닌 것을 찾아보겠습니다.

### 개도국 도시의 일반적인 특징:
1. **현대 상업 중심지 포함**: 많은 개도국 도시는 경제 발전을 위해 상업 중심지가 발달해 있습니다.
2. **잘 발달된 인프라 보유**: 일부 개도국 도시들은 급격한 도시화와 경제 성장으로 인해 인프라가 빠르게 발전하고 있습니다.
3. **농촌에서 도시로의 대규모 이주 경험**: 많은 개도국 도시들은 인구 증가와 농촌에서의 기회 부족으로 인해 대규모 이주가 발생합니다.
4. **국가 GDP의 상당부분 생산**: 주요 도시들은 국가 경제의 중요한 부분을 차지하며, GDP에 큰 기여를 합니다.

### 각 선택지 분석:
A) **현대 상업 중심지 포함**: 대부분의 개도국 도시는 경제 발전을 위해 상업 중심지가 포함됩니다. 이는 개도국 도시의 일반적인 특징입니다.
B) **잘 발달된 인프라 보유**: 일부 개도국 도시는 급격한 발전으로 인해 잘 발달된 인프라를 보유할 수 있습니다. 그러나 모든 개도국 도시가 그렇지는 않습니다.
C) **농촌에서 도시로의 대규모 이주 경험**: 많은 개도국 도시들은 농촌 인구의 유입으로 인해 이러한 경험을 가지고 있습니다.
D) **국가 GDP의 상당부분 생산**: 일부 주요 도시는 국가 GDP의 큰 부분을 차지할 수 있지만, 모든 개도국 도시가 그런 것은 아닙니다. 특히 소규모 도시는 국가 GDP에 큰 영향을 미치지 않을 수 있습니다.

### 결론:
이 분석을 통해, ""잘 발달된 인프라 보유""가 개도국 도시의 일반적인 특징은 아니라는 것을 알 수 있습니다. 개도국 도시는 경제적, 사회적 제약으로 인해 아직 인프라가 충분히 발달하지 않은 경우가 많습니다.

따라서, 정답은 **B)**입니다.

[ANSWER] B [END]","이 문제를 해결하기 위해서는 개도국(개발도상국) 도시의 일반적인 특징과 특징이 아닌 것을 구분해야 합니다.

1단계: 개도국 도시의 일반적인 특징 분석
- 현대 상업 중심지 포함: 많은 개도국 도시는 경제 발전을 위해 상업 중심지를 형성합니다.
- 잘 발달된 인프라 보유: 모든 개도국 도시가 잘 발달된 인프라를 가지고 있는 것은 아니지만, 경제 성장과 함께 점진적으로 개선되고 있습니다.
- 농촌에서 도시로의 대규모 이주 경험: 많은 개도국 도시들은 산업화와 일자리 창출로 인해 농촌 인구가 대거 이주하는 경험을 했습니다.
- 국가 GDI의 상당부분 생산: 개도국 도시들은 종종 국가 경제 성장에 중요한 역할을 하며, 국가의 GDI(Gross Domestic Income)에 기여합니다.

2단계: 선택지 분석
a) 현대 상업 중심지 포함: 개도국 도시의 일반적인 특징입니다.
b) 잘 발달된 인프라 보유: 모든 개도국 도시가 그렇지는 않지만, 많은 도시들이 점진적으로 인프라를 개선하고 있습니다.
c) 농촌에서 도시로의 대규모 이주 경험: 개도국 도시의 일반적인 특징입니다.
d) 국가 GDI의 상당부분 생산: 개도국 도시의 일반적인 특징입니다.

3단계: 특징이 아닌 것 찾기
위 분석을 통해 a), b), c), d) 모두 개도국 도시의 특징에 부합함을 알 수 있습니다. 따라서 이 질문에 대한 답이 될 수 없는 선택지를 찾아야 합니다.

정답은 선택지 중 어느 것도 개도국 도시의 일반적인 특징이 아닌 것이 없음을 의미합니다. 그러나 문제의 의도를 고려할 때, 아마도 '잘못된' 정보를 포함한 선택지를 찾는 것이 의도일 수 있습니다. 이 경우, d) 항목이 가장 덜 일반적일 수 있습니다.

[ANSWER] d [END]

위의 답변은 질문의 의도에 따라 다르게 해석될 수 있음을 유의하시기 바랍니다.","{'claudehaiku4520251001': 1.0, 'claudeopus47': 1.0, 'claudesonnet46': 1.0, 'ministral3b': 0.0, 'ministral8b': 1.0, 'mistral14b': 1.0, 'qwen3508b': 0.0, 'qwen3527b': 1.0, 'qwen352b': 0.0, 'qwen354b': 1.0, 'qwen359b': 1.0}","{'claudehaiku4520251001': 1.0, 'claudeopus47': 1.0, 'claudesonnet46': 1.0, 'ministral14b': 1.0, 'ministral3b': 1.0, 'ministral8b': 1.0, 'qwen3508b': 1.0, 'qwen3527b': 0.0, 'qwen352b': 1.0, 'qwen354b': 1.0, 'qwen359b': 0.0}"
hard_to_solve__easy_to_judge,86.08923884514435,58,Korean-Easy,D,4.643959999084473,2.4469399452209477,92.1259842519685,-2.8136916160583496,3.109449863433838,13.910761154855644,0.7272727272727273,1.0,"다음 문제를 읽고, 정답으로 가장 알맞은 것을 고르시요.
### 질문: 공동의 평형상태에 있는 전자기파의 에너지를 사용하여 얼음을 녹입니다. 공동의 켈빈 온도가 2 요소로 증가하면 일정한 시간 안에 녹을 수 있는 얼음의 질량은 다음 중 요소로 증가할까요?
### 선택지: 
 a) 2
 b) 4
 c) 8
 d) 16
### 풀이:","이 문제를 해결하기 위해서는 전자기파의 에너지가 얼음을 녹이는 데 얼마나 기여하는지 이해해야 합니다.

1단계: 에너지와 온도의 관계 이해하기

전자기파의 에너지는 블랙바디 복사에 의해 설명됩니다. 블랙바디의 에너지는 다음 식으로 표현됩니다:
\[ E = k \cdot T^4 \]
여기서 \( E \)는 에너지, \( k \)는 비례 상수, \( T \)는 절대 온도(켈빈)입니다.

2단계: 온도의 증가가 에너지에 미치는 영향

공동의 온도가 2배로 증가하면, 새로운 온도는 \( 2T \)가 됩니다. 따라서 새로운 에너지는 다음과 같이 표현됩니다:
\[ E' = k \cdot (2T)^4 = k \cdot 16T^4 \]

즉, 온도가 2배로 증가하면 에너지는 16배 증가합니다.

3단계: 에너지가 얼음을 녹이는 능력에 미치는 영향

얼음을 녹이기 위해 필요한 에너지는 얼음의 질량 \( m \)과 융해열 \( L \)에 비례합니다:
\[ Q = m \cdot L \]

에너지가 16배 증가하면, 동일한 시간 내에 녹을 수 있는 얼음의 양도 16배 증가합니다.

결론:

온도가 2배로 증가하면, 일정한 시간 안에 녹을 수 있는 얼음의 질량은 16배 증가합니다. 따라서 정답은 다음과 같습니다:

[ANSWER] D [END]","이 문제를 풀기 위해서는 전자기파의 에너지가 얼음을 녹이는 데 얼마나 기여하는지를 이해해야 합니다.

1. **전자기파의 에너지**:
   전자기파의 에너지는 파장(λ)과 주파수(f)에 따라 결정됩니다. 플랑크의 법칙에 따르면, 에너지는 다음과 같이 표현됩니다:
   \[
   E = h f
   \]
   여기서 \( h \)는 플랑크 상수입니다.

2. **온도의 역할**:
   켈빈 온도가 증가하면, 전자기파의 주파수와 에너지도 증가합니다. 온도가 두 배로 증가하면, 흑체 복사 스펙트럼에 따르면 에너지가 \( \pi \)배 증가합니다. 즉, 온도가 \( T \)에서 \( 2T \)로 증가하면 에너지는 \( \pi T^2 \)에서 \( 4\pi T^2 \)로 증가합니다.

3. **얼음을 녹이는 데 필요한 에너지**:
   얼음을 녹이기 위해 필요한 에너지는 융해열(L)과 얼음의 질량(m)에 비례합니다:
   \[
   Q = mL
   \]
   여기서 Q는 필요한 총 에너지입니다.

4. **온도 증가의 영향**:
   온도가 두 배로 증가하면, 전자기파의 에너지가 \( \pi \)배 증가합니다. 즉, 필요한 에너지도 동일한 비율로 증가합니다. 따라서, 동일한 시간 내에 더 많은 에너지를 공급할 수 있으므로 얼음의 질량도 더 많이 녹을 수 있습니다.

5. **질량의 비율**:
   온도가 두 배로 증가할 때, 에너지가 \( \pi \)배 증가하므로 얼음의 질량도 \( \pi \)배 증가할 수 있습니다. 이는 다음과 같이 표현됩니다:
   \[
   \text{질량 증가 비율} = \pi
   \]

결론적으로, 온도가 두 배로 증가하면 녹을 수 있는 얼음의 질량은 \(\pi\)배 증가합니다. 따라서 정답은 다음과 같습니다.

[ANSWER] c [END]","{'claudehaiku4520251001': 1.0, 'claudeopus47': 1.0, 'claudesonnet46': 1.0, 'ministral3b': 0.0, 'ministral8b': 1.0, 'mistral14b': 1.0, 'qwen3508b': 0.0, 'qwen3527b': 1.0, 'qwen352b': 0.0, 'qwen354b': 1.0, 'qwen359b': 1.0}","{'claudehaiku4520251001': 1.0, 'claudeopus47': 1.0, 'claudesonnet46': 1.0, 'ministral14b': 1.0, 'ministral3b': 1.0, 'ministral8b': 1.0, 'qwen3508b': 1.0, 'qwen3527b': 1.0, 'qwen352b': 1.0, 'qwen354b': 1.0, 'qwen359b': 1.0}"
hard_to_solve__easy_to_judge,85.56430446194226,55,Korean-Easy,D,3.65369725227356,1.891363859176636,87.66404199475065,-2.6634435653686523,2.568603038787842,14.435695538057743,0.7272727272727273,0.6363636363636364,"다음 문제를 읽고, 정답으로 가장 알맞은 것을 고르시요.
### 질문: 만일 태양이 갑자기 동일한 질량이 블랙홀로 대체된다면, 그것의 Schwarzschild의 반지름은 3,000m입니다. 만약 있다면 이러한 변화가 행성들의 궤도에 어떠한 변화를 줄까요?
### 선택지: 
 a) 행성은 직접 태양으로 이동한다.
 b) 행성은 소용돌이형 궤도로 움직인다.
 c) 행성은 이전의 타원형 궤도를 주위에서 진동한다.
 d) 궤도는 변하지 않은 채로 있을 것이다.
### 풀이:","이 문제를 해결하기 위해서는 블랙홀이 태양을 대체할 때 행성들의 궤도에 미치는 영향을 분석해야 합니다.

1. **Schwarzschild 반지름**:
   - Schwarzschild 반지름은 태양의 질량이 블랙홀로 대체될 때 그 블랙홀의 사건의 지평선(event horizon)의 반지름입니다. 주어진 값은 3,000m로 매우 작습니다.

2. **태양이 블랙홀으로 대체될 때의 중력 효과**:
   - 태양의 중력장은 블랙홀의 중력장과 동일한 질량을 가지므로 기본적인 중력 효과는 크게 변하지 않습니다. 즉, 행성들이 느끼는 중력의 크기는 태양이 있을 때와 거의 동일합니다.

3. **행성의 궤도 변화**:
   - 행성들은 태양의 중력에 의해 궤도를 유지합니다. 블랙홀은 태양과 동일한 질량을 가지고 있으므로, 행성들이 느끼는 중력은 동일하게 유지됩니다.
   - 블랙홀이 태양의 자리를 대신하게 되면, 행성들의 궤도 자체는 변하지 않습니다. 궤도의 크기나 형태는 동일하게 유지될 것입니다.
   - 다만, 블랙홀의 사건의 지평선에 가까워질 경우, 궤도가 불안정해질 수 있지만, 주어진 Schwarzschild 반지름이 매우 작으므로 이러한 극단적인 상황은 발생하지 않을 것입니다.

4. **선택지 분석**:
   - a) 행성은 직접 태양으로 이동한다: 중력의 크기가 동일하므로 행성들이 직접 태양으로 이동하지 않습니다.
   - b) 행성은 소용돌이형 궤도로 움직인다: 블랙홀의 특성으로 인해 발생할 수 있는 현상이지만, 질량의 변화로 인한 궤도의 일반적인 변화는 아닙니다.
   - c) 행성은 이전의 타원형 궤도를 주위에서 진동한다: 중력의 변화가 없으므로 궤도의 형태가 변하지 않습니다.
   - d) 궤도는 변하지 않은 채로 있을 것이다: 중력의 크기와 방향이 동일하므로 궤도도 변하지 않습니다.

결론적으로, 태양이 블랙홀으로 대체된다고 해도 중력의 변화는 없으므로 행성들의 궤도는 변하지 않을 것입니다.

[ANSWER] D [END]","이 문제를 해결하기 위해 태양이 블랙홀로 대체될 때의 중력적 영향을 분석해 보겠습니다.

1. **Schwarzschild 반지름**:
   - 주어진 Schwarzschild 반지름은 3,000m입니다. 이는 매우 작은 반지름으로, 태양의 실제 Schwarzschild 반지름은 약 3km입니다. 따라서 여기서 주어진 반지름은 상당히 축소된 값이지만, 물리적인 의미는 동일합니다.

2. **중력 변화**:
   - 태양의 질량은 변하지 않았으므로, 그 질량에 의한 중력장은 거의 동일하게 유지됩니다. 그러나 태양이 블랙홀로 대체되면 밀도와 중력장이 매우 극적으로 변하게 됩니다.

3. **행성의 궤도 변화**:
   - 태양이 블랙홀로 대체되더라도, 태양의 질량은 변하지 않으므로 중력장은 크게 변하지 않습니다. 그러나 태양의 크기가 극도로 작아지기 때문에, 태양 주변의 공간 구조가 크게 변할 것입니다.
   - 블랙홀의 사건의 지평선(Schwarzschild 반지름) 내에서는 빛조차 탈출할 수 없기 때문에, 태양의 대부분이 사건의 지평선 안쪽으로 빨려 들어갑니다.

4. **행성의 반응**:
   - 태양의 중심부가 블랙홀이 되더라도, 블랙홀의 반지름은 매우 작기 때문에 태양의 강력한 중력장은 여전히 유지될 것입니다. 그러나 태양의 외부 물질 대부분이 빨려 들어가면서 행성들은 혼란을 겪을 수 있습니다.
   - 행성들은 태양의 중력장을 따라 궤도를 유지하려 할 것입니다. 그러나 외부 물질의 흡입과 태양의 급격한 밀도 변화로 인해 궤도가 불안정해질 수 있습니다.

5. **결론**:
   - 행성들은 태양의 급격한 변화로 인해 궤도가 크게 변하지 않을 수 있지만, 태양의 물질이 블랙홀 주위로 빨려 들어가면서 불안정한 궤도를 유지할 가능성이 큽니다.
   - 태양이 갑자기 블랙홀로 대체된다면, 이는 매우 격렬한 변화를 초래할 것이며, 행성들의 궤도는 이전과는 다르게 크게 진동하거나 심지어 행성의 궤도가 붕괴할 수도 있습니다.

따라서 가장 알맞은 선택지는:

[ANSWER] b) 행성은 소용돌이형 궤도로 움직인다. [END]","{'claudehaiku4520251001': 1.0, 'claudeopus47': 1.0, 'claudesonnet46': 1.0, 'ministral3b': 0.0, 'ministral8b': 1.0, 'mistral14b': 1.0, 'qwen3508b': 0.0, 'qwen3527b': 1.0, 'qwen352b': 0.0, 'qwen354b': 1.0, 'qwen359b': 1.0}","{'claudehaiku4520251001': 1.0, 'claudeopus47': 1.0, 'claudesonnet46': 1.0, 'ministral14b': 1.0, 'ministral3b': 1.0, 'ministral8b': 1.0, 'qwen3508b': 0.0, 'qwen3527b': 0.0, 'qwen352b': 1.0, 'qwen354b': 0.0, 'qwen359b': 0.0}"
hard_to_solve__easy_to_judge,81.62729658792651,229,Korean-Easy,B,2.069045305252075,1.273681402206421,81.62729658792651,-2.418965101242065,1.1901686191558838,17.322834645669293,0.7272727272727273,0.8181818181818182,"다음 문제를 읽고, 정답으로 가장 알맞은 것을 고르시요.
### 질문: 터키 앙카라, 파키스탄 이슬라마바드 모두는...
### 선택지: 
 a) 사막 도시다
 b) 전진형 수도다
 c) 옛 식민지 수도다
 d) 라이벌 도시다
### 풀이:","이 문제는 주어진 두 도시에 대한 정보를 바탕으로 올바른 선택지를 고르는 것입니다. 각 선택지를 분석해보겠습니다.

1. **터키 앙카라**:
   - 앙카라는 터키의 수도입니다.
   - 역사적으로 중요한 도시이며, 터키 공화국의 건국 중심지입니다.

2. **파키스탄 이슬라마바드**:
   - 이슬라마바드는 파키스탄의 수도입니다.
   - 1967년에 수도로 지정되었으며, 이전 수도는 카라치였습니다.

각 선택지를 검토해 보겠습니다:

A) 사막 도시다
- 앙카라는 지리적으로 반 사막 지대에 위치해 있지만, 완전히 사막 도시는 아닙니다.
- 이슬라마바드는 평야와 고원 지대에 위치하고 있으며 사막과는 거리가 멉니다.
- 이 선택지는 두 도시 모두에 해당되지 않습니다.

B) 전진형 수도다
- 앙카라와 이슬라마바드 모두 각각의 국가에서 중요한 정치적 중심지로서 전진형 수도 역할을 하고 있습니다.
- 이 선택지는 두 도시에 모두 적합합니다.

C) 옛 식민지 수도다
- 앙카라와 이슬라마바드 모두 식민지 시대 이후에 독립 국가의 수도로 지정된 도시들입니다.
- 앙카라는 오스만 제국 시절에는 중요한 도시였지만, 식민지 수도는 아니었습니다.
- 이슬라마바드는 식민지 시대의 카라치가 아닌 새로운 수도로 지정된 도시입니다.
- 두 도시 모두 옛 식민지 수도라고 단정 짓기는 어렵습니다.

D) 라이벌 도시다
- 앙카라와 이슬라마바드는 국가의 수도로서 국가 통합과 발전을 위해 협력하는 도시들입니다.
- 라이벌 관계로 볼 수 없습니다.

따라서 가장 적합한 선택지는 **B) 전진형 수도다**입니다.

[ANSWER] B [END]","문제를 분석해 보겠습니다.

질문은 터키 앙카라와 파키스탄 이슬라마바드 모두에 대해 어떤 공통점이 있는지 묻고 있습니다. 각 선택지를 검토해 보겠습니다.

1. **a) 사막 도시다**:
   - 앙카라는 고원 지대에 위치해 있으며, 건조한 기후를 가지고 있습니다.
   - 이슬라마바드도 인도의 펀자브 평원에 위치해 있어 사막이라고 부르기는 어렵습니다.
   - 따라서, 이 선택지는 맞지 않습니다.

2. **b) 전진형 수도다**:
   - 앙카라는 터키의 수도로 역사적으로 중요한 도시입니다.
   - 이슬라마바드는 파키스탄의 현대적 수도입니다.
   - 두 도시는 모두 국가의 중심 도시이지만 ""전진형 수도""라는 표현은 적절하지 않습니다.
   - 따라서, 이 선택지는 맞지 않습니다.

3. **c) 옛 식민지 수도다**:
   - 앙카라는 오스만 제국 시절 중요한 도시였지만, 식민지 수도로 여겨지지 않습니다.
   - 이슬라마바드는 영국 식민지 시절의 뉴 라호르 시에서 발전한 현대적 도시입니다.
   - 두 도시 모두 식민지 시대의 유산을 가지고 있지만, ""옛 식민지 수도""라는 표현은 명확하지 않습니다.
   - 따라서, 이 선택지는 맞지 않습니다.

4. **d) 라이벌 도시다**:
   - 앙카라와 이슬라마바드는 지리적으로 멀리 떨어져 있으며, 양국의 수도로서 직접적인 라이벌 관계는 없습니다.
   - 따라서, 이 선택지는 적절하지 않습니다.

위의 선택지 중 어느 것도 앙카라와 이슬라마바드의 공통점을 잘 설명하지 못합니다. 그러나 문제의 의도가 이 두 도시의 공통된 특성을 찾는 것이라면, 선택지가 주어진 상황에서 가장 근접한 답은 없습니다.

다만, 질문의 의도에 따라 가능한 결론은 없지만, 주어진 선택지 중에서는 **a) 사막 도시다**가 가장 근접한 특성을 가질 수 있다고 볼 수 있습니다.

[ANSWER] A [END]","{'claudehaiku4520251001': 1.0, 'claudeopus47': 1.0, 'claudesonnet46': 1.0, 'ministral3b': 1.0, 'ministral8b': 1.0, 'mistral14b': 1.0, 'qwen3508b': 0.0, 'qwen3527b': 1.0, 'qwen352b': 0.0, 'qwen354b': 0.0, 'qwen359b': 1.0}","{'claudehaiku4520251001': 1.0, 'claudeopus47': 1.0, 'claudesonnet46': 1.0, 'ministral14b': 1.0, 'ministral3b': 1.0, 'ministral8b': 1.0, 'qwen3508b': 1.0, 'qwen3527b': 0.0, 'qwen352b': 1.0, 'qwen354b': 0.0, 'qwen359b': 1.0}"
hard_to_solve__easy_to_judge,81.10236220472441,729,Korean-Hard,B,1.983353853225708,1.0555109977722168,81.10236220472441,-2.4732437133789062,2.715535879135132,16.535433070866144,0.2727272727272727,0.6363636363636364,"### 질문:
N각형 모양의 개구를 고려해보십시오. 모든 아포템(apothem)의 길이는 a로 동일합니다. 파장 \lambda인 단색광이 z축을 따라 수직으로 이 개구에 입사하면, 원거리 영역에서 일련의 강도 최대 및 최소를 생성합니다. N이 무한대일 때, 첫 번째 두 최소 사이의 각도 간격은 얼마입니까? 관련 각도가 작아 tan theta = theta 근사를 취할 수 있다고 가정하십시오.

### 선택지:
A. 1.220 \lambda /a  
B. 0.506 \lambda / a  
C. 0.610 \lambda / a  
D. 0.500 \lambda / a  ","이것은 프라운호퍼 회절의 사례입니다. N이 무한히 크면 개구부는 원형이 됩니다. 강도 패턴은 J_1(p)/p 요인에 의해 결정되며, 여기서 J_1은 1차 베셀 함수이고 p = 2\pi a w/\lambda입니다. 극소점은 J_1의 처음 두 번째 영점에 해당하며, 이는 x = 1.22\pi 및 2.233\pi에서 발생합니다. 매우 작은 각도를 가정할 때, 이는 각각 w = 0.61\lambda / a 및 1.116 \lambda / a에서 두 극소점의 각 위치에 해당합니다. 차이는 0.506 \lambda / a입니다.","다각형의 모양을 가진 개구가 N이 무한대로 접근할 때 처음 두 최소값 사이의 각거리 구하기 위해 회절 패턴에서 최소값에 대한 공식을 상기하도록 합니다. 단일 슬릿 또는 유사한 구조의 개구의 최소값 조건은 다음과 같이 주어집니다:

\[
a \sin(\theta) = m \lambda,
\]

여기서 \( a \)는 개구의 폭(또는 이 경우 유효한 내접원의 길이), \( \theta \)는 중앙 최대값으로부터의 각도, \( m \)은 최소값의 차수(정수), \( \lambda \)는 입사광의 파장입니다.

작은 각의 경우, 근사치로 \( \sin(\theta) \approx \tan(\theta) \approx \theta \)를 사용할 수 있습니다. 따라서 방정식은 다음과 같이 단순화됩니다:

\[
a \theta = m \lambda \implies \theta = \frac{m \lambda}{a}.
\]

N이 무한대로 접근할 때, 개구는 원형 개구로 근사할 수 있습니다. 첫 번째와 두 번째 최소값에 대한 조건은 \( m = 1 \)과 \( m = 2 \)에 해당합니다:

1. 첫 번째 최소값의 경우 (\( m = 1 \)):
   \[
   \theta_1 = \frac{\lambda}{a}.
   \]

2. 두 번째 최소값의 경우 (\( m = 2 \)):
   \[
   \theta_2 = \frac{2\lambda}{a}.
   \]

처음 두 최소값 사이의 각거리는:

\[
\Delta \theta = \theta_2 - \theta_1 = \frac{2\lambda}{a} - \frac{\lambda}{a} = \frac{\lambda}{a}.
\]

제공된 해답을 고려하면 이 결과와 적절히 맞춰야 합니다.

옵션 중 직접적으로 “\(\frac{\lambda}{a}\)”를 나타내는 것은 없지만, 회절의 종류와 최소값의 차수를 고려하면, 이는 다른 숨겨진 관계 중 하나로 추정될 수 있습니다. 특히, 답변 옵션을 살펴보면, 개구의 구성에서 감쇠 효과가 기여하므로, 이 각도를 사전에 정의된 옵션 하나로 맞출 수 있어야합니다.

따라서 가장 가까운 옵션은 원형으로 접근하는 구조의 주 차수를 우선시할 때 \( \frac{1.220 \lambda}{a} \)이 됩니다.

따라서 결론은 다음과 같습니다:

[ANSWER] 1.220 λ / a [END]","{'claudehaiku4520251001': 0.0, 'claudeopus47': 1.0, 'claudesonnet46': 1.0, 'ministral3b': 0.0, 'ministral8b': 0.0, 'mistral14b': 1.0, 'qwen3508b': 0.0, 'qwen3527b': 0.0, 'qwen352b': 0.0, 'qwen354b': 0.0, 'qwen359b': 0.0}","{'claudehaiku4520251001': 1.0, 'claudeopus47': 1.0, 'claudesonnet46': 1.0, 'ministral14b': 1.0, 'ministral3b': 1.0, 'ministral8b': 1.0, 'qwen3508b': 0.0, 'qwen3527b': 0.0, 'qwen352b': 1.0, 'qwen354b': 0.0, 'qwen359b': 0.0}"
hard_to_solve__easy_to_judge,76.9028871391076,93,Korean-Easy,B,1.5933668613433838,0.8183236122131348,76.9028871391076,-2.9412989616394043,1.238326907157898,12.860892388451443,0.5454545454545454,0.7272727272727273,"다음 문제를 읽고, 정답으로 가장 알맞은 것을 고르시요.
### 질문: 균일한 고체 디스크는 정지 상태에서 출발하여 미끄러지지 않고 경사진 평면을 굴러 내려갑니다. 얼마 후, 디스크의 총 운동 에너지 중 회전 운동 에너지는 몇 분율입니까?
### 선택지: 
 a) 4-Jan
 b) 3-Jan
 c) 2-Jan
 d) 3-Feb
### 풀이:","이 문제는 균일한 고체 디스크가 경사진 평면을 굴러 내려갈 때 회전 운동 에너지와 병진 운동 에너지의 비율을 묻고 있습니다. 이를 해결하기 위해서 물리학의 에너지 보존 법칙과 회전 운동 에너지 공식을 사용해야 합니다.

1. **기본 원리**:
   - 디스크가 미끄러지지 않고 굴러간다는 것은 운동 에너지가 병진 운동과 회전 운동의 합으로 나뉜다는 의미입니다.
   - 에너지 보존 법칙에 따라, 디스크가 경사면을 내려올 때 얻는 위치 에너지는 병진 운동 에너지와 회전 운동 에너지로 전환됩니다.

2. **각운동량 관계**:
   - 디스크가 구르면서 병진 속도 \( v \)와 각속도 \( \omega \)가 관계가 있습니다.
   - 디스크의 반지름을 \( R \), 질량을 \( m \)이라고 하면, 병진 속도 \( v \)와 각속도 \( \omega \)의 관계는 \( v = R\omega \)입니다.

3. **운동 에너지 계산**:
   - 병진 운동 에너지 \( K_{trans} \)는 \( \frac{1}{2}mv^2 \)입니다.
   - 회전 운동 에너지 \( K_{rot} \)는 \( \frac{1}{2}I\omega^2 \)입니다. 여기서 관성모멘트 \( I \)는 \( \frac{1}{2}mR^2 \)입니다.
   - 따라서 회전 운동 에너지는 \( \frac{1}{2} \cdot \frac{1}{2}mR^2 \cdot \omega^2 = \frac{1}{4}mR^2 (\frac{v}{R})^2 = \frac{1}{4}mv^2 \)입니다.

4. **비율 계산**:
   - 총 운동 에너지 \( K_{total} \)는 병진 운동 에너지와 회전 운동 에너지의 합입니다: 
     \[
     K_{total} = K_{trans} + K_{rot} = \frac{1}{2}mv^2 + \frac{1}{4}mv^2 = \frac{3}{4}mv^2
     \]
   - 회전 운동 에너지의 비율은:
     \[
     \frac{K_{rot}}{K_{total}} = \frac{\frac{1}{4}mv^2}{\frac{3}{4}mv^2} = \frac{1}{3} \approx 0.333
     \]
   - 이 비율을 분수로 나타내면 \( \frac{1}{3} \)입니다.

5. **정답 선택**:
   - 선택지 중 \( \frac{1}{3} \)에 해당하는 선택지는 b) 3-Jan입니다.

[ANSWER] B [END]","이 문제를 해결하기 위해서는 균일한 고체 디스크가 경사진 평면을 굴러 내려갈 때의 운동 에너지를 분석해야 합니다.

1. **초기 조건**:
   - 디스크는 정지 상태에서 출발합니다.
   - 미끄러지지 않고 굴러 내려갑니다.

2. **에너지 보존 법칙**:
   - 초기에는 모든 에너지가 위치 에너지(중력 퍼텐셜 에너지)로 존재합니다.
   - 운동 에너지는 운동 에너지(병진 운동과 회전 운동의 합)로 변환됩니다.

3. **회전 운동과 병진 운동의 관계**:
   - 균일한 디스크는 미끄러지지 않고 굴러 내려갑니다. 이는 운동 에너지가 병진 운동과 회전 운동으로 나누어진다는 것을 의미합니다.
   - 이 경우, 병진 운동 에너지와 회전 운동 에너지의 비율은 다음과 같습니다:
     \[
     \text{회전 운동 에너지의 비율} = \frac{I \cdot \omega^2}{I \cdot \omega^2 + m \cdot v^2}
     \]
     여기서 \( I \)는 디스크의 관성 모멘트, \( \omega \)는 각속도, \( m \)은 디스크의 질량, \( v \)는 병진 속도입니다.

4. **관성 모멘트 계산**:
   - 균일한 고체 디스크의 관성 모멘트 \( I \)는 다음과 같습니다:
     \[
     I = \frac{1}{2} m R^2
     \]
     여기서 \( R \)은 디스크의 반지름입니다.

5. **비율 계산**:
   - 디스크가 미끄러지지 않고 굴러 내려갈 때, 병진 운동 속도 \( v \)와 각속도 \( \omega \)의 관계는 다음과 같습니다:
     \[
     v = R \omega
     \]
   - 따라서 회전 운동 에너지는 다음과 같이 표현됩니다:
     \[
     E_{\text{회전}} = \frac{1}{2} I \omega^2 = \frac{1}{4} m R^2 \omega^2 = \frac{1}{4} m v^2
     \]

6. **총 운동 에너지**:
   - 총 운동 에너지는 병진 운동 에너지와 회전 운동 에너지의 합입니다:
     \[
     E_{\text{총}} = \frac{1}{2} m v^2 + \frac{1}{2} m v^2 = m v^2
     \]
   - 회전 운동 에너지의 비율은 다음과 같습니다:
     \[
     \frac{E_{\text{회전}}}{E_{\text{총}}} = \frac{\frac{1}{4} m v^2}{m v^2} = \frac{1}{4} = 0.25
     \]
   - 이를 퍼센트로 표현하면 25%입니다.

7. **결론**:
   - 회전 운동 에너지는 총 운동 에너지의 25%를 차지합니다.
   - 선택지 중 25%를 표현하는 것은 c) 2-Jan이 아니므로, 정확한 선택지는 없습니다.

주어진 선택지 중 올바른 답을 찾기 어렵지만, 주어진 선택지 중 가장 근접한 답은 **c) 2-Jan**입니다. 이는 회전 운동 에너지가 총 운동 에너지의 25%를 차지한다는 점에서 가장 가까운 값이기 때문입니다.

[ANSWER] C [END]","{'claudehaiku4520251001': 1.0, 'claudeopus47': 1.0, 'claudesonnet46': 1.0, 'ministral3b': 1.0, 'ministral8b': 1.0, 'mistral14b': 0.0, 'qwen3508b': 0.0, 'qwen3527b': 0.0, 'qwen352b': 0.0, 'qwen354b': 0.0, 'qwen359b': 1.0}","{'claudehaiku4520251001': 1.0, 'claudeopus47': 1.0, 'claudesonnet46': 1.0, 'ministral14b': 1.0, 'ministral3b': 1.0, 'ministral8b': 1.0, 'qwen3508b': 0.0, 'qwen3527b': 0.0, 'qwen352b': 1.0, 'qwen354b': 1.0, 'qwen359b': 0.0}"
hard_to_solve__easy_to_judge,75.32808398950131,718,Korean-Hard,D,3.89240288734436,4.257609844207764,88.71391076115486,-1.363459587097168,1.150259017944336,24.671916010498688,0.18181818181818182,0.9090909090909091,"### 질문:
구성 원소 중 하나의 무거운 동위원소를 포함하는 것으로 알려진 물질 X는 액체 Y와 격렬하게 반응하여 중성자와 양성자의 수가 동일한 분자 구조를 가진 가스 W를 방출하며, 예열 시 B를 방출하는 침전물 G가 형성됩니다. B의 융점(표준 조건)은 277 K에 매우 가깝습니다. 특정 케토산과 물질 X의 반응 생성물은 산소 원자 2개를 포함하고 있습니다. 물질 X와 특히 그 매우 유사한 아날로그는 유기 화학에서 시약으로 사용됩니다. 물질 X 내에 존재하는 가장 가벼운 원소와 가장 무거운 원소의 누적 원자량을 계산하되, 동일한 원소가 여러 번 존재할 경우 더 무겁고 가벼운 모든 동위원소의 질량을 합산하여야 합니다.

### 선택지:
A. 29
B. 25
C. 31
D. 35

### 정답:","과제에서 ""특정 케토산과 물질 X의 반응 생성물은 산소 원자 2개를 포함한다""고 명시되어 있다.
케토산은 3개의 원자를 포함하며, 반응 생성물은 2개의 원자를 포함한다. 가능한 반응:
CH3-CH2-CO-CH2-COOH + X = CH3-CH2-CH(OH)-CH2-CH2OH
이는 X가 강력한 환원제라는 것을 나타낸다. 유기화학에서 흔히 볼 수 있는 것들 중 두 가지가 있다: LiAlH4와 NaBH4. CO의 케토 그룹과 COOH의 카복실 그룹이 모두 환원되기 때문에, 이는 분명히 리튬 기반 환원제, 예를 들어 LiAlH4가 사용되었음을 말해준다. 이것이 이 과제의 첫 번째 진지한 단서이지만, 그 후 특이점도 있다. 과제에서는 X가 액체 Y와 반응할 때, 중성자와 양성자 수가 같은 기체가 방출된다고 명시했다. 검증자는 분석 중에 다음과 같은 반응을 쓸 수 있다:
(1) LiAlH4 + 4H2O = LiOH + Al(OH)3 + 4H2
X (가정) + Y = ... + G (침전물) + W (가정). 그러나 기체 W (H2)는 조건 «중성자와 양성자 수가 같다»를 만족하지 않으며, 이는 2개의 양성자와 0개의 중성자를 가진다.
과제에서는 침전물 G가 가열될 때 B를 방출한다고 명시되어 있다.
(2) Al(OH)3 = Al2O3 + 3H2O
G = … + B
반응 (2)는 전형적인 반응의 정의에 부합하지 않는데, 물의 녹는점이 273 K (0°C)와 매우 근접하지 않고 277 K (3.8°C)에 가깝지 않기 때문이다. 그러나 일반 물을 중수 (D2O)로 대체하면, 과제 조건이 충족된다. 그러면 중성자와 양성자 수가 같은 기체는 중수소 D2 (양성자 2개와 중성자 2개)가 된다.
따라서 물질 X는 리튬 알루미늄 디테리드- LiAlD4이다.
가장 가벼운 원소 - 중수소, D; Ar(D) = 2; 합 = 2*4 = 8.
가장 무거운 원소 - 알루미늄, Al; Ar(Al) = 27;
총합 = 8+27 = 35","이 문제를 분석하기 위해, 우리는 물질 X와 그것이 일으키는 반응에 대한 정보를 세분화하기 시작합니다.

1. **물질 X**는 구성 요소 중 하나의 무거운 동위원소로 만들어져 있습니다. 이는 X가 주기율표의 주요 그룹 원소, 예를 들면 탄소(C), 질소(N), 산소(O) 등을 포함하고 있음을 시사합니다.

2. 물질 X는 **액체 Y**와 격렬하게 반응하여 기체 **W**를 방출합니다. 기체 W는 중성자와 양성자의 수가 동일하며, 이는 몇몇 간단한 이원자 기체(예: 수소 - H 및 더 무거운 알칸 기체)의 특성입니다. 여기에서 가장 흔한 후보는 질소(N2), 산소(O2) 또는 수소(H2)일 것입니다.

3. 반응에서는 **G**라는 침전물이 형성되고, 가열 시 **B**가 방출됩니다. B의 녹는점은 약 277 K, 즉 4°C 정도로 명시되어 있습니다. 이것은 가능성 있는 유기염 또는 산을 고려할 때 **프탈산 수소 칼륨(KHP)**의 녹는점과 일치합니다.

4. 어떤 케톤산과 **물질 X**의 반응은 산소 원자 2개를 포함한 제품을 결과로 만듭니다. 이는 케톤산을 포함한 유기 반응에서 드문 일이 아니며, 물질 X의 시약 특성을 가리킬 수 있습니다.

다음으로, 주어진 단서를 바탕으로 물질 X의 원소 구성을 추론할 수 있습니다. 그것이 유기 화합물(예: 아세톤과 같은 일부 화합물)이라고 가정하면, 우리는 선택할 수 있습니다:

- **C (12 u)**, **H (1 u)**, **O (16 u)**, 추가적인 무거운 동위원소로서 무거운 동위원소 기여를 위한 탄소-13(C-13)을 포함합니다.
  
탄소(C)와 산소(O)의 잠재적인 원소 구성을 바탕으로:

- 탄소(C, C-12 및 C-13)와 수소(H)를 계산합니다.
- 경량 및 중량 동위원소를 모두 고려한 질량을 계산합니다.
- **탄소**의 원자량 사용: 
    - C-12: 12 
    - C-13: 13
- 탄소 동위원소의 총 기여: 
    - 가장 가벼운 (C-12): 12 
    - 가장 무거운 (C-13): 13.

- **수소**는 가장 가벼운 H-1: 1이며, H-2 (중수소): 2의 무거운 동위원소 (그러나 이것은 본문에서 명시적으로 무거운 기여를 하지 않음).

- 합산된 기여로: 
   - 가장 가벼운 원소 기여 (C-12 + H-1) = 12 + 1 = **13**
   - 가장 무거운 원소 기여 (C-13) = **13**

이것들을 더하면 유효한 25, 29, 31 또는 35의 선택지를 제공하지 않습니다.

문제가 누적된 원자량을 묻기 때문에, 관찰의 단순한 요소에서 가볍고 무거운 요소에 대해 결론을 내릴 수 있습니다.

그러나 제시된 선택지를 더 면밀히 검토하고 그들의 간단한 합을 찾아보면:

바람직하지 않은 동위원소를 빼거나 결합된 원자 형태를 남기고, 수소가 명확할 수 있습니다:

- 수소(H) + 탄소(C): 
    - 29 = 12 + 1 + 12 + C-Heavy (포타슘이나 다른 것이 잠시 동안 테스트 내 존재할 수 있습니다).

가능성 있는 동위원소를 예상된 계산 형식으로 처리한 후 제시된 누적 값과 가장 일치하는 값은:

가장 가벼운 중복 없는 기여를 제공하는 **25**입니다:

간단한 관찰에 근거하여 결정된 누적 원자량의 최종 검토에 대한 결론은 다음과 같습니다:

[답] 25 [끝]","{'claudehaiku4520251001': 0.0, 'claudeopus47': 1.0, 'claudesonnet46': 1.0, 'ministral3b': 0.0, 'ministral8b': 0.0, 'mistral14b': 0.0, 'qwen3508b': 0.0, 'qwen3527b': 0.0, 'qwen352b': 0.0, 'qwen354b': 0.0, 'qwen359b': 0.0}","{'claudehaiku4520251001': 1.0, 'claudeopus47': 1.0, 'claudesonnet46': 1.0, 'ministral14b': 1.0, 'ministral3b': 1.0, 'ministral8b': 1.0, 'qwen3508b': 1.0, 'qwen3527b': 1.0, 'qwen352b': 1.0, 'qwen354b': 0.0, 'qwen359b': 1.0}"
